video_id,frame_timestamp,x1,y1,x2,y2,action_id,person_id
1_clip_000,221,0.259641,0.000667,0.334734,0.297681,17,1
1_clip_000,221,0.259641,0.000667,0.334734,0.297681,10,1
1_clip_000,221,0.259641,0.000667,0.334734,0.297681,12,1
1_clip_000,221,0.259641,0.000667,0.334734,0.297681,14,1
1_clip_000,221,0.259641,0.000667,0.334734,0.297681,24,1
1_clip_000,221,0.259641,0.000667,0.334734,0.297681,6,1
1_clip_000,221,0.259641,0.000667,0.334734,0.297681,1,1
1_clip_000,221,0.259641,0.000667,0.334734,0.297681,19,1
1_clip_000,221,0.259641,0.000667,0.334734,0.297681,17,1
1_clip_000,221,0.259641,0.000667,0.334734,0.297681,10,1
1_clip_000,221,0.259641,0.000667,0.334734,0.297681,12,1
1_clip_000,221,0.259641,0.000667,0.334734,0.297681,14,1
1_clip_000,221,0.259641,0.000667,0.334734,0.297681,24,1
1_clip_000,221,0.259641,0.000667,0.334734,0.297681,6,1
1_clip_000,221,0.259641,0.000667,0.334734,0.297681,1,1
1_clip_000,221,0.259641,0.000667,0.334734,0.297681,19,1
1_clip_000,221,0.259641,0.000667,0.334734,0.297681,17,1
1_clip_000,221,0.259641,0.000667,0.334734,0.297681,10,1
1_clip_000,221,0.259641,0.000667,0.334734,0.297681,12,1
1_clip_000,221,0.259641,0.000667,0.334734,0.297681,14,1
1_clip_000,221,0.259641,0.000667,0.334734,0.297681,24,1
1_clip_000,221,0.259641,0.000667,0.334734,0.297681,6,1
1_clip_000,221,0.259641,0.000667,0.334734,0.297681,1,1
1_clip_000,221,0.259641,0.000667,0.334734,0.297681,19,1
1_clip_000,221,0.259641,0.000667,0.334734,0.297681,17,1
1_clip_000,221,0.259641,0.000667,0.334734,0.297681,10,1
1_clip_000,221,0.259641,0.000667,0.334734,0.297681,12,1
1_clip_000,221,0.259641,0.000667,0.334734,0.297681,14,1
1_clip_000,221,0.259641,0.000667,0.334734,0.297681,24,1
1_clip_000,221,0.259641,0.000667,0.334734,0.297681,6,1
1_clip_000,221,0.259641,0.000667,0.334734,0.297681,1,1
1_clip_000,221,0.259641,0.000667,0.334734,0.297681,19,1
1_clip_000,221,0.187539,0.353931,0.269539,0.777500,17,2
1_clip_000,221,0.187539,0.353931,0.269539,0.777500,10,2
1_clip_000,221,0.187539,0.353931,0.269539,0.777500,12,2
1_clip_000,221,0.187539,0.353931,0.269539,0.777500,14,2
1_clip_000,221,0.187539,0.353931,0.269539,0.777500,24,2
1_clip_000,221,0.187539,0.353931,0.269539,0.777500,6,2
1_clip_000,221,0.187539,0.353931,0.269539,0.777500,1,2
1_clip_000,221,0.187539,0.353931,0.269539,0.777500,19,2
1_clip_000,221,0.187539,0.353931,0.269539,0.777500,17,2
1_clip_000,221,0.187539,0.353931,0.269539,0.777500,10,2
1_clip_000,221,0.187539,0.353931,0.269539,0.777500,12,2
1_clip_000,221,0.187539,0.353931,0.269539,0.777500,14,2
1_clip_000,221,0.187539,0.353931,0.269539,0.777500,24,2
1_clip_000,221,0.187539,0.353931,0.269539,0.777500,6,2
1_clip_000,221,0.187539,0.353931,0.269539,0.777500,1,2
1_clip_000,221,0.187539,0.353931,0.269539,0.777500,19,2
1_clip_000,221,0.187539,0.353931,0.269539,0.777500,17,2
1_clip_000,221,0.187539,0.353931,0.269539,0.777500,10,2
1_clip_000,221,0.187539,0.353931,0.269539,0.777500,12,2
1_clip_000,221,0.187539,0.353931,0.269539,0.777500,14,2
1_clip_000,221,0.187539,0.353931,0.269539,0.777500,24,2
1_clip_000,221,0.187539,0.353931,0.269539,0.777500,6,2
1_clip_000,221,0.187539,0.353931,0.269539,0.777500,1,2
1_clip_000,221,0.187539,0.353931,0.269539,0.777500,19,2
1_clip_000,221,0.187539,0.353931,0.269539,0.777500,17,2
1_clip_000,221,0.187539,0.353931,0.269539,0.777500,10,2
1_clip_000,221,0.187539,0.353931,0.269539,0.777500,12,2
1_clip_000,221,0.187539,0.353931,0.269539,0.777500,14,2
1_clip_000,221,0.187539,0.353931,0.269539,0.777500,24,2
1_clip_000,221,0.187539,0.353931,0.269539,0.777500,6,2
1_clip_000,221,0.187539,0.353931,0.269539,0.777500,1,2
1_clip_000,221,0.187539,0.353931,0.269539,0.777500,19,2
1_clip_000,221,0.911703,0.000750,0.998516,0.291069,17,3
1_clip_000,221,0.911703,0.000750,0.998516,0.291069,10,3
1_clip_000,221,0.911703,0.000750,0.998516,0.291069,12,3
1_clip_000,221,0.911703,0.000750,0.998516,0.291069,14,3
1_clip_000,221,0.911703,0.000750,0.998516,0.291069,24,3
1_clip_000,221,0.911703,0.000750,0.998516,0.291069,6,3
1_clip_000,221,0.911703,0.000750,0.998516,0.291069,1,3
1_clip_000,221,0.911703,0.000750,0.998516,0.291069,19,3
1_clip_000,221,0.911703,0.000750,0.998516,0.291069,17,3
1_clip_000,221,0.911703,0.000750,0.998516,0.291069,10,3
1_clip_000,221,0.911703,0.000750,0.998516,0.291069,12,3
1_clip_000,221,0.911703,0.000750,0.998516,0.291069,14,3
1_clip_000,221,0.911703,0.000750,0.998516,0.291069,24,3
1_clip_000,221,0.911703,0.000750,0.998516,0.291069,6,3
1_clip_000,221,0.911703,0.000750,0.998516,0.291069,1,3
1_clip_000,221,0.911703,0.000750,0.998516,0.291069,19,3
1_clip_000,221,0.911703,0.000750,0.998516,0.291069,17,3
1_clip_000,221,0.911703,0.000750,0.998516,0.291069,10,3
1_clip_000,221,0.911703,0.000750,0.998516,0.291069,12,3
1_clip_000,221,0.911703,0.000750,0.998516,0.291069,14,3
1_clip_000,221,0.911703,0.000750,0.998516,0.291069,24,3
1_clip_000,221,0.911703,0.000750,0.998516,0.291069,6,3
1_clip_000,221,0.911703,0.000750,0.998516,0.291069,1,3
1_clip_000,221,0.911703,0.000750,0.998516,0.291069,19,3
1_clip_000,221,0.911703,0.000750,0.998516,0.291069,17,3
1_clip_000,221,0.911703,0.000750,0.998516,0.291069,10,3
1_clip_000,221,0.911703,0.000750,0.998516,0.291069,12,3
1_clip_000,221,0.911703,0.000750,0.998516,0.291069,14,3
1_clip_000,221,0.911703,0.000750,0.998516,0.291069,24,3
1_clip_000,221,0.911703,0.000750,0.998516,0.291069,6,3
1_clip_000,221,0.911703,0.000750,0.998516,0.291069,1,3
1_clip_000,221,0.911703,0.000750,0.998516,0.291069,19,3
1_clip_000,221,0.373352,0.000083,0.466547,0.125750,17,4
1_clip_000,221,0.373352,0.000083,0.466547,0.125750,10,4
1_clip_000,221,0.373352,0.000083,0.466547,0.125750,12,4
1_clip_000,221,0.373352,0.000083,0.466547,0.125750,14,4
1_clip_000,221,0.373352,0.000083,0.466547,0.125750,24,4
1_clip_000,221,0.373352,0.000083,0.466547,0.125750,6,4
1_clip_000,221,0.373352,0.000083,0.466547,0.125750,1,4
1_clip_000,221,0.373352,0.000083,0.466547,0.125750,19,4
1_clip_000,221,0.373352,0.000083,0.466547,0.125750,17,4
1_clip_000,221,0.373352,0.000083,0.466547,0.125750,10,4
1_clip_000,221,0.373352,0.000083,0.466547,0.125750,12,4
1_clip_000,221,0.373352,0.000083,0.466547,0.125750,14,4
1_clip_000,221,0.373352,0.000083,0.466547,0.125750,24,4
1_clip_000,221,0.373352,0.000083,0.466547,0.125750,6,4
1_clip_000,221,0.373352,0.000083,0.466547,0.125750,1,4
1_clip_000,221,0.373352,0.000083,0.466547,0.125750,19,4
1_clip_000,221,0.373352,0.000083,0.466547,0.125750,17,4
1_clip_000,221,0.373352,0.000083,0.466547,0.125750,10,4
1_clip_000,221,0.373352,0.000083,0.466547,0.125750,12,4
1_clip_000,221,0.373352,0.000083,0.466547,0.125750,14,4
1_clip_000,221,0.373352,0.000083,0.466547,0.125750,24,4
1_clip_000,221,0.373352,0.000083,0.466547,0.125750,6,4
1_clip_000,221,0.373352,0.000083,0.466547,0.125750,1,4
1_clip_000,221,0.373352,0.000083,0.466547,0.125750,19,4
1_clip_000,221,0.373352,0.000083,0.466547,0.125750,17,4
1_clip_000,221,0.373352,0.000083,0.466547,0.125750,10,4
1_clip_000,221,0.373352,0.000083,0.466547,0.125750,12,4
1_clip_000,221,0.373352,0.000083,0.466547,0.125750,14,4
1_clip_000,221,0.373352,0.000083,0.466547,0.125750,24,4
1_clip_000,221,0.373352,0.000083,0.466547,0.125750,6,4
1_clip_000,221,0.373352,0.000083,0.466547,0.125750,1,4
1_clip_000,221,0.373352,0.000083,0.466547,0.125750,19,4
1_clip_000,221,0.796047,0.000681,0.839570,0.252889,17,5
1_clip_000,221,0.796047,0.000681,0.839570,0.252889,10,5
1_clip_000,221,0.796047,0.000681,0.839570,0.252889,12,5
1_clip_000,221,0.796047,0.000681,0.839570,0.252889,14,5
1_clip_000,221,0.796047,0.000681,0.839570,0.252889,24,5
1_clip_000,221,0.796047,0.000681,0.839570,0.252889,6,5
1_clip_000,221,0.796047,0.000681,0.839570,0.252889,1,5
1_clip_000,221,0.796047,0.000681,0.839570,0.252889,19,5
1_clip_000,221,0.796047,0.000681,0.839570,0.252889,17,5
1_clip_000,221,0.796047,0.000681,0.839570,0.252889,10,5
1_clip_000,221,0.796047,0.000681,0.839570,0.252889,12,5
1_clip_000,221,0.796047,0.000681,0.839570,0.252889,14,5
1_clip_000,221,0.796047,0.000681,0.839570,0.252889,24,5
1_clip_000,221,0.796047,0.000681,0.839570,0.252889,6,5
1_clip_000,221,0.796047,0.000681,0.839570,0.252889,1,5
1_clip_000,221,0.796047,0.000681,0.839570,0.252889,19,5
1_clip_000,221,0.796047,0.000681,0.839570,0.252889,17,5
1_clip_000,221,0.796047,0.000681,0.839570,0.252889,10,5
1_clip_000,221,0.796047,0.000681,0.839570,0.252889,12,5
1_clip_000,221,0.796047,0.000681,0.839570,0.252889,14,5
1_clip_000,221,0.796047,0.000681,0.839570,0.252889,24,5
1_clip_000,221,0.796047,0.000681,0.839570,0.252889,6,5
1_clip_000,221,0.796047,0.000681,0.839570,0.252889,1,5
1_clip_000,221,0.796047,0.000681,0.839570,0.252889,19,5
1_clip_000,221,0.796047,0.000681,0.839570,0.252889,17,5
1_clip_000,221,0.796047,0.000681,0.839570,0.252889,10,5
1_clip_000,221,0.796047,0.000681,0.839570,0.252889,12,5
1_clip_000,221,0.796047,0.000681,0.839570,0.252889,14,5
1_clip_000,221,0.796047,0.000681,0.839570,0.252889,24,5
1_clip_000,221,0.796047,0.000681,0.839570,0.252889,6,5
1_clip_000,221,0.796047,0.000681,0.839570,0.252889,1,5
1_clip_000,221,0.796047,0.000681,0.839570,0.252889,19,5
1_clip_000,221,0.553297,0.000236,0.584930,0.101931,17,6
1_clip_000,221,0.553297,0.000236,0.584930,0.101931,10,6
1_clip_000,221,0.553297,0.000236,0.584930,0.101931,12,6
1_clip_000,221,0.553297,0.000236,0.584930,0.101931,14,6
1_clip_000,221,0.553297,0.000236,0.584930,0.101931,24,6
1_clip_000,221,0.553297,0.000236,0.584930,0.101931,6,6
1_clip_000,221,0.553297,0.000236,0.584930,0.101931,1,6
1_clip_000,221,0.553297,0.000236,0.584930,0.101931,19,6
1_clip_000,221,0.553297,0.000236,0.584930,0.101931,17,6
1_clip_000,221,0.553297,0.000236,0.584930,0.101931,10,6
1_clip_000,221,0.553297,0.000236,0.584930,0.101931,12,6
1_clip_000,221,0.553297,0.000236,0.584930,0.101931,14,6
1_clip_000,221,0.553297,0.000236,0.584930,0.101931,24,6
1_clip_000,221,0.553297,0.000236,0.584930,0.101931,6,6
1_clip_000,221,0.553297,0.000236,0.584930,0.101931,1,6
1_clip_000,221,0.553297,0.000236,0.584930,0.101931,19,6
1_clip_000,221,0.553297,0.000236,0.584930,0.101931,17,6
1_clip_000,221,0.553297,0.000236,0.584930,0.101931,10,6
1_clip_000,221,0.553297,0.000236,0.584930,0.101931,12,6
1_clip_000,221,0.553297,0.000236,0.584930,0.101931,14,6
1_clip_000,221,0.553297,0.000236,0.584930,0.101931,24,6
1_clip_000,221,0.553297,0.000236,0.584930,0.101931,6,6
1_clip_000,221,0.553297,0.000236,0.584930,0.101931,1,6
1_clip_000,221,0.553297,0.000236,0.584930,0.101931,19,6
1_clip_000,221,0.553297,0.000236,0.584930,0.101931,17,6
1_clip_000,221,0.553297,0.000236,0.584930,0.101931,10,6
1_clip_000,221,0.553297,0.000236,0.584930,0.101931,12,6
1_clip_000,221,0.553297,0.000236,0.584930,0.101931,14,6
1_clip_000,221,0.553297,0.000236,0.584930,0.101931,24,6
1_clip_000,221,0.553297,0.000236,0.584930,0.101931,6,6
1_clip_000,221,0.553297,0.000236,0.584930,0.101931,1,6
1_clip_000,221,0.553297,0.000236,0.584930,0.101931,19,6
1_clip_001,152,0.001391,0.623986,0.103633,0.996722,17,1
1_clip_001,152,0.001391,0.623986,0.103633,0.996722,10,1
1_clip_001,152,0.001391,0.623986,0.103633,0.996722,12,1
1_clip_001,152,0.001391,0.623986,0.103633,0.996722,14,1
1_clip_001,152,0.001391,0.623986,0.103633,0.996722,24,1
1_clip_001,152,0.001391,0.623986,0.103633,0.996722,6,1
1_clip_001,152,0.001391,0.623986,0.103633,0.996722,1,1
1_clip_001,152,0.001391,0.623986,0.103633,0.996722,19,1
1_clip_001,152,0.001391,0.623986,0.103633,0.996722,17,1
1_clip_001,152,0.001391,0.623986,0.103633,0.996722,10,1
1_clip_001,152,0.001391,0.623986,0.103633,0.996722,12,1
1_clip_001,152,0.001391,0.623986,0.103633,0.996722,14,1
1_clip_001,152,0.001391,0.623986,0.103633,0.996722,24,1
1_clip_001,152,0.001391,0.623986,0.103633,0.996722,6,1
1_clip_001,152,0.001391,0.623986,0.103633,0.996722,1,1
1_clip_001,152,0.001391,0.623986,0.103633,0.996722,19,1
1_clip_001,152,0.001391,0.623986,0.103633,0.996722,17,1
1_clip_001,152,0.001391,0.623986,0.103633,0.996722,10,1
1_clip_001,152,0.001391,0.623986,0.103633,0.996722,12,1
1_clip_001,152,0.001391,0.623986,0.103633,0.996722,14,1
1_clip_001,152,0.001391,0.623986,0.103633,0.996722,24,1
1_clip_001,152,0.001391,0.623986,0.103633,0.996722,6,1
1_clip_001,152,0.001391,0.623986,0.103633,0.996722,1,1
1_clip_001,152,0.001391,0.623986,0.103633,0.996722,19,1
1_clip_001,152,0.001391,0.623986,0.103633,0.996722,17,1
1_clip_001,152,0.001391,0.623986,0.103633,0.996722,10,1
1_clip_001,152,0.001391,0.623986,0.103633,0.996722,12,1
1_clip_001,152,0.001391,0.623986,0.103633,0.996722,14,1
1_clip_001,152,0.001391,0.623986,0.103633,0.996722,24,1
1_clip_001,152,0.001391,0.623986,0.103633,0.996722,6,1
1_clip_001,152,0.001391,0.623986,0.103633,0.996722,1,1
1_clip_001,152,0.001391,0.623986,0.103633,0.996722,19,1
1_clip_001,152,0.910695,0.001167,0.999594,0.291722,17,2
1_clip_001,152,0.910695,0.001167,0.999594,0.291722,10,2
1_clip_001,152,0.910695,0.001167,0.999594,0.291722,12,2
1_clip_001,152,0.910695,0.001167,0.999594,0.291722,14,2
1_clip_001,152,0.910695,0.001167,0.999594,0.291722,24,2
1_clip_001,152,0.910695,0.001167,0.999594,0.291722,6,2
1_clip_001,152,0.910695,0.001167,0.999594,0.291722,1,2
1_clip_001,152,0.910695,0.001167,0.999594,0.291722,19,2
1_clip_001,152,0.910695,0.001167,0.999594,0.291722,17,2
1_clip_001,152,0.910695,0.001167,0.999594,0.291722,10,2
1_clip_001,152,0.910695,0.001167,0.999594,0.291722,12,2
1_clip_001,152,0.910695,0.001167,0.999594,0.291722,14,2
1_clip_001,152,0.910695,0.001167,0.999594,0.291722,24,2
1_clip_001,152,0.910695,0.001167,0.999594,0.291722,6,2
1_clip_001,152,0.910695,0.001167,0.999594,0.291722,1,2
1_clip_001,152,0.910695,0.001167,0.999594,0.291722,19,2
1_clip_001,152,0.910695,0.001167,0.999594,0.291722,17,2
1_clip_001,152,0.910695,0.001167,0.999594,0.291722,10,2
1_clip_001,152,0.910695,0.001167,0.999594,0.291722,12,2
1_clip_001,152,0.910695,0.001167,0.999594,0.291722,14,2
1_clip_001,152,0.910695,0.001167,0.999594,0.291722,24,2
1_clip_001,152,0.910695,0.001167,0.999594,0.291722,6,2
1_clip_001,152,0.910695,0.001167,0.999594,0.291722,1,2
1_clip_001,152,0.910695,0.001167,0.999594,0.291722,19,2
1_clip_001,152,0.910695,0.001167,0.999594,0.291722,17,2
1_clip_001,152,0.910695,0.001167,0.999594,0.291722,10,2
1_clip_001,152,0.910695,0.001167,0.999594,0.291722,12,2
1_clip_001,152,0.910695,0.001167,0.999594,0.291722,14,2
1_clip_001,152,0.910695,0.001167,0.999594,0.291722,24,2
1_clip_001,152,0.910695,0.001167,0.999594,0.291722,6,2
1_clip_001,152,0.910695,0.001167,0.999594,0.291722,1,2
1_clip_001,152,0.910695,0.001167,0.999594,0.291722,19,2
1_clip_001,152,0.146328,0.348194,0.259875,0.758319,17,3
1_clip_001,152,0.146328,0.348194,0.259875,0.758319,10,3
1_clip_001,152,0.146328,0.348194,0.259875,0.758319,12,3
1_clip_001,152,0.146328,0.348194,0.259875,0.758319,14,3
1_clip_001,152,0.146328,0.348194,0.259875,0.758319,24,3
1_clip_001,152,0.146328,0.348194,0.259875,0.758319,6,3
1_clip_001,152,0.146328,0.348194,0.259875,0.758319,1,3
1_clip_001,152,0.146328,0.348194,0.259875,0.758319,19,3
1_clip_001,152,0.146328,0.348194,0.259875,0.758319,17,3
1_clip_001,152,0.146328,0.348194,0.259875,0.758319,10,3
1_clip_001,152,0.146328,0.348194,0.259875,0.758319,12,3
1_clip_001,152,0.146328,0.348194,0.259875,0.758319,14,3
1_clip_001,152,0.146328,0.348194,0.259875,0.758319,24,3
1_clip_001,152,0.146328,0.348194,0.259875,0.758319,6,3
1_clip_001,152,0.146328,0.348194,0.259875,0.758319,1,3
1_clip_001,152,0.146328,0.348194,0.259875,0.758319,19,3
1_clip_001,152,0.146328,0.348194,0.259875,0.758319,17,3
1_clip_001,152,0.146328,0.348194,0.259875,0.758319,10,3
1_clip_001,152,0.146328,0.348194,0.259875,0.758319,12,3
1_clip_001,152,0.146328,0.348194,0.259875,0.758319,14,3
1_clip_001,152,0.146328,0.348194,0.259875,0.758319,24,3
1_clip_001,152,0.146328,0.348194,0.259875,0.758319,6,3
1_clip_001,152,0.146328,0.348194,0.259875,0.758319,1,3
1_clip_001,152,0.146328,0.348194,0.259875,0.758319,19,3
1_clip_001,152,0.146328,0.348194,0.259875,0.758319,17,3
1_clip_001,152,0.146328,0.348194,0.259875,0.758319,10,3
1_clip_001,152,0.146328,0.348194,0.259875,0.758319,12,3
1_clip_001,152,0.146328,0.348194,0.259875,0.758319,14,3
1_clip_001,152,0.146328,0.348194,0.259875,0.758319,24,3
1_clip_001,152,0.146328,0.348194,0.259875,0.758319,6,3
1_clip_001,152,0.146328,0.348194,0.259875,0.758319,1,3
1_clip_001,152,0.146328,0.348194,0.259875,0.758319,19,3
1_clip_001,152,0.797609,0.000611,0.839430,0.250500,17,4
1_clip_001,152,0.797609,0.000611,0.839430,0.250500,10,4
1_clip_001,152,0.797609,0.000611,0.839430,0.250500,12,4
1_clip_001,152,0.797609,0.000611,0.839430,0.250500,14,4
1_clip_001,152,0.797609,0.000611,0.839430,0.250500,24,4
1_clip_001,152,0.797609,0.000611,0.839430,0.250500,6,4
1_clip_001,152,0.797609,0.000611,0.839430,0.250500,1,4
1_clip_001,152,0.797609,0.000611,0.839430,0.250500,19,4
1_clip_001,152,0.797609,0.000611,0.839430,0.250500,17,4
1_clip_001,152,0.797609,0.000611,0.839430,0.250500,10,4
1_clip_001,152,0.797609,0.000611,0.839430,0.250500,12,4
1_clip_001,152,0.797609,0.000611,0.839430,0.250500,14,4
1_clip_001,152,0.797609,0.000611,0.839430,0.250500,24,4
1_clip_001,152,0.797609,0.000611,0.839430,0.250500,6,4
1_clip_001,152,0.797609,0.000611,0.839430,0.250500,1,4
1_clip_001,152,0.797609,0.000611,0.839430,0.250500,19,4
1_clip_001,152,0.797609,0.000611,0.839430,0.250500,17,4
1_clip_001,152,0.797609,0.000611,0.839430,0.250500,10,4
1_clip_001,152,0.797609,0.000611,0.839430,0.250500,12,4
1_clip_001,152,0.797609,0.000611,0.839430,0.250500,14,4
1_clip_001,152,0.797609,0.000611,0.839430,0.250500,24,4
1_clip_001,152,0.797609,0.000611,0.839430,0.250500,6,4
1_clip_001,152,0.797609,0.000611,0.839430,0.250500,1,4
1_clip_001,152,0.797609,0.000611,0.839430,0.250500,19,4
1_clip_001,152,0.797609,0.000611,0.839430,0.250500,17,4
1_clip_001,152,0.797609,0.000611,0.839430,0.250500,10,4
1_clip_001,152,0.797609,0.000611,0.839430,0.250500,12,4
1_clip_001,152,0.797609,0.000611,0.839430,0.250500,14,4
1_clip_001,152,0.797609,0.000611,0.839430,0.250500,24,4
1_clip_001,152,0.797609,0.000611,0.839430,0.250500,6,4
1_clip_001,152,0.797609,0.000611,0.839430,0.250500,1,4
1_clip_001,152,0.797609,0.000611,0.839430,0.250500,19,4
1_clip_001,152,0.504594,-0.000111,0.560461,0.101417,17,5
1_clip_001,152,0.504594,-0.000111,0.560461,0.101417,10,5
1_clip_001,152,0.504594,-0.000111,0.560461,0.101417,12,5
1_clip_001,152,0.504594,-0.000111,0.560461,0.101417,14,5
1_clip_001,152,0.504594,-0.000111,0.560461,0.101417,24,5
1_clip_001,152,0.504594,-0.000111,0.560461,0.101417,6,5
1_clip_001,152,0.504594,-0.000111,0.560461,0.101417,1,5
1_clip_001,152,0.504594,-0.000111,0.560461,0.101417,19,5
1_clip_001,152,0.504594,-0.000111,0.560461,0.101417,17,5
1_clip_001,152,0.504594,-0.000111,0.560461,0.101417,10,5
1_clip_001,152,0.504594,-0.000111,0.560461,0.101417,12,5
1_clip_001,152,0.504594,-0.000111,0.560461,0.101417,14,5
1_clip_001,152,0.504594,-0.000111,0.560461,0.101417,24,5
1_clip_001,152,0.504594,-0.000111,0.560461,0.101417,6,5
1_clip_001,152,0.504594,-0.000111,0.560461,0.101417,1,5
1_clip_001,152,0.504594,-0.000111,0.560461,0.101417,19,5
1_clip_001,152,0.504594,-0.000111,0.560461,0.101417,17,5
1_clip_001,152,0.504594,-0.000111,0.560461,0.101417,10,5
1_clip_001,152,0.504594,-0.000111,0.560461,0.101417,12,5
1_clip_001,152,0.504594,-0.000111,0.560461,0.101417,14,5
1_clip_001,152,0.504594,-0.000111,0.560461,0.101417,24,5
1_clip_001,152,0.504594,-0.000111,0.560461,0.101417,6,5
1_clip_001,152,0.504594,-0.000111,0.560461,0.101417,1,5
1_clip_001,152,0.504594,-0.000111,0.560461,0.101417,19,5
1_clip_001,152,0.504594,-0.000111,0.560461,0.101417,17,5
1_clip_001,152,0.504594,-0.000111,0.560461,0.101417,10,5
1_clip_001,152,0.504594,-0.000111,0.560461,0.101417,12,5
1_clip_001,152,0.504594,-0.000111,0.560461,0.101417,14,5
1_clip_001,152,0.504594,-0.000111,0.560461,0.101417,24,5
1_clip_001,152,0.504594,-0.000111,0.560461,0.101417,6,5
1_clip_001,152,0.504594,-0.000111,0.560461,0.101417,1,5
1_clip_001,152,0.504594,-0.000111,0.560461,0.101417,19,5
1_clip_001,152,0.424586,0.000167,0.460156,0.097222,17,6
1_clip_001,152,0.424586,0.000167,0.460156,0.097222,10,6
1_clip_001,152,0.424586,0.000167,0.460156,0.097222,12,6
1_clip_001,152,0.424586,0.000167,0.460156,0.097222,14,6
1_clip_001,152,0.424586,0.000167,0.460156,0.097222,24,6
1_clip_001,152,0.424586,0.000167,0.460156,0.097222,6,6
1_clip_001,152,0.424586,0.000167,0.460156,0.097222,1,6
1_clip_001,152,0.424586,0.000167,0.460156,0.097222,19,6
1_clip_001,152,0.424586,0.000167,0.460156,0.097222,17,6
1_clip_001,152,0.424586,0.000167,0.460156,0.097222,10,6
1_clip_001,152,0.424586,0.000167,0.460156,0.097222,12,6
1_clip_001,152,0.424586,0.000167,0.460156,0.097222,14,6
1_clip_001,152,0.424586,0.000167,0.460156,0.097222,24,6
1_clip_001,152,0.424586,0.000167,0.460156,0.097222,6,6
1_clip_001,152,0.424586,0.000167,0.460156,0.097222,1,6
1_clip_001,152,0.424586,0.000167,0.460156,0.097222,19,6
1_clip_001,152,0.424586,0.000167,0.460156,0.097222,17,6
1_clip_001,152,0.424586,0.000167,0.460156,0.097222,10,6
1_clip_001,152,0.424586,0.000167,0.460156,0.097222,12,6
1_clip_001,152,0.424586,0.000167,0.460156,0.097222,14,6
1_clip_001,152,0.424586,0.000167,0.460156,0.097222,24,6
1_clip_001,152,0.424586,0.000167,0.460156,0.097222,6,6
1_clip_001,152,0.424586,0.000167,0.460156,0.097222,1,6
1_clip_001,152,0.424586,0.000167,0.460156,0.097222,19,6
1_clip_001,152,0.424586,0.000167,0.460156,0.097222,17,6
1_clip_001,152,0.424586,0.000167,0.460156,0.097222,10,6
1_clip_001,152,0.424586,0.000167,0.460156,0.097222,12,6
1_clip_001,152,0.424586,0.000167,0.460156,0.097222,14,6
1_clip_001,152,0.424586,0.000167,0.460156,0.097222,24,6
1_clip_001,152,0.424586,0.000167,0.460156,0.097222,6,6
1_clip_001,152,0.424586,0.000167,0.460156,0.097222,1,6
1_clip_001,152,0.424586,0.000167,0.460156,0.097222,19,6
1_clip_002,152,0.234289,0.000306,0.302008,0.259639,17,1
1_clip_002,152,0.234289,0.000306,0.302008,0.259639,10,1
1_clip_002,152,0.234289,0.000306,0.302008,0.259639,12,1
1_clip_002,152,0.234289,0.000306,0.302008,0.259639,14,1
1_clip_002,152,0.234289,0.000306,0.302008,0.259639,24,1
1_clip_002,152,0.234289,0.000306,0.302008,0.259639,6,1
1_clip_002,152,0.234289,0.000306,0.302008,0.259639,1,1
1_clip_002,152,0.234289,0.000306,0.302008,0.259639,19,1
1_clip_002,152,0.234289,0.000306,0.302008,0.259639,17,1
1_clip_002,152,0.234289,0.000306,0.302008,0.259639,10,1
1_clip_002,152,0.234289,0.000306,0.302008,0.259639,12,1
1_clip_002,152,0.234289,0.000306,0.302008,0.259639,14,1
1_clip_002,152,0.234289,0.000306,0.302008,0.259639,24,1
1_clip_002,152,0.234289,0.000306,0.302008,0.259639,6,1
1_clip_002,152,0.234289,0.000306,0.302008,0.259639,1,1
1_clip_002,152,0.234289,0.000306,0.302008,0.259639,19,1
1_clip_002,152,0.234289,0.000306,0.302008,0.259639,17,1
1_clip_002,152,0.234289,0.000306,0.302008,0.259639,10,1
1_clip_002,152,0.234289,0.000306,0.302008,0.259639,12,1
1_clip_002,152,0.234289,0.000306,0.302008,0.259639,14,1
1_clip_002,152,0.234289,0.000306,0.302008,0.259639,24,1
1_clip_002,152,0.234289,0.000306,0.302008,0.259639,6,1
1_clip_002,152,0.234289,0.000306,0.302008,0.259639,1,1
1_clip_002,152,0.234289,0.000306,0.302008,0.259639,19,1
1_clip_002,152,0.234289,0.000306,0.302008,0.259639,17,1
1_clip_002,152,0.234289,0.000306,0.302008,0.259639,10,1
1_clip_002,152,0.234289,0.000306,0.302008,0.259639,12,1
1_clip_002,152,0.234289,0.000306,0.302008,0.259639,14,1
1_clip_002,152,0.234289,0.000306,0.302008,0.259639,24,1
1_clip_002,152,0.234289,0.000306,0.302008,0.259639,6,1
1_clip_002,152,0.234289,0.000306,0.302008,0.259639,1,1
1_clip_002,152,0.234289,0.000306,0.302008,0.259639,19,1
1_clip_002,152,0.911719,0.001153,0.998383,0.290639,17,2
1_clip_002,152,0.911719,0.001153,0.998383,0.290639,10,2
1_clip_002,152,0.911719,0.001153,0.998383,0.290639,12,2
1_clip_002,152,0.911719,0.001153,0.998383,0.290639,14,2
1_clip_002,152,0.911719,0.001153,0.998383,0.290639,24,2
1_clip_002,152,0.911719,0.001153,0.998383,0.290639,6,2
1_clip_002,152,0.911719,0.001153,0.998383,0.290639,1,2
1_clip_002,152,0.911719,0.001153,0.998383,0.290639,19,2
1_clip_002,152,0.911719,0.001153,0.998383,0.290639,17,2
1_clip_002,152,0.911719,0.001153,0.998383,0.290639,10,2
1_clip_002,152,0.911719,0.001153,0.998383,0.290639,12,2
1_clip_002,152,0.911719,0.001153,0.998383,0.290639,14,2
1_clip_002,152,0.911719,0.001153,0.998383,0.290639,24,2
1_clip_002,152,0.911719,0.001153,0.998383,0.290639,6,2
1_clip_002,152,0.911719,0.001153,0.998383,0.290639,1,2
1_clip_002,152,0.911719,0.001153,0.998383,0.290639,19,2
1_clip_002,152,0.911719,0.001153,0.998383,0.290639,17,2
1_clip_002,152,0.911719,0.001153,0.998383,0.290639,10,2
1_clip_002,152,0.911719,0.001153,0.998383,0.290639,12,2
1_clip_002,152,0.911719,0.001153,0.998383,0.290639,14,2
1_clip_002,152,0.911719,0.001153,0.998383,0.290639,24,2
1_clip_002,152,0.911719,0.001153,0.998383,0.290639,6,2
1_clip_002,152,0.911719,0.001153,0.998383,0.290639,1,2
1_clip_002,152,0.911719,0.001153,0.998383,0.290639,19,2
1_clip_002,152,0.911719,0.001153,0.998383,0.290639,17,2
1_clip_002,152,0.911719,0.001153,0.998383,0.290639,10,2
1_clip_002,152,0.911719,0.001153,0.998383,0.290639,12,2
1_clip_002,152,0.911719,0.001153,0.998383,0.290639,14,2
1_clip_002,152,0.911719,0.001153,0.998383,0.290639,24,2
1_clip_002,152,0.911719,0.001153,0.998383,0.290639,6,2
1_clip_002,152,0.911719,0.001153,0.998383,0.290639,1,2
1_clip_002,152,0.911719,0.001153,0.998383,0.290639,19,2
1_clip_002,152,0.349172,-0.000139,0.411141,0.147389,17,3
1_clip_002,152,0.349172,-0.000139,0.411141,0.147389,10,3
1_clip_002,152,0.349172,-0.000139,0.411141,0.147389,12,3
1_clip_002,152,0.349172,-0.000139,0.411141,0.147389,14,3
1_clip_002,152,0.349172,-0.000139,0.411141,0.147389,24,3
1_clip_002,152,0.349172,-0.000139,0.411141,0.147389,6,3
1_clip_002,152,0.349172,-0.000139,0.411141,0.147389,1,3
1_clip_002,152,0.349172,-0.000139,0.411141,0.147389,19,3
1_clip_002,152,0.349172,-0.000139,0.411141,0.147389,17,3
1_clip_002,152,0.349172,-0.000139,0.411141,0.147389,10,3
1_clip_002,152,0.349172,-0.000139,0.411141,0.147389,12,3
1_clip_002,152,0.349172,-0.000139,0.411141,0.147389,14,3
1_clip_002,152,0.349172,-0.000139,0.411141,0.147389,24,3
1_clip_002,152,0.349172,-0.000139,0.411141,0.147389,6,3
1_clip_002,152,0.349172,-0.000139,0.411141,0.147389,1,3
1_clip_002,152,0.349172,-0.000139,0.411141,0.147389,19,3
1_clip_002,152,0.349172,-0.000139,0.411141,0.147389,17,3
1_clip_002,152,0.349172,-0.000139,0.411141,0.147389,10,3
1_clip_002,152,0.349172,-0.000139,0.411141,0.147389,12,3
1_clip_002,152,0.349172,-0.000139,0.411141,0.147389,14,3
1_clip_002,152,0.349172,-0.000139,0.411141,0.147389,24,3
1_clip_002,152,0.349172,-0.000139,0.411141,0.147389,6,3
1_clip_002,152,0.349172,-0.000139,0.411141,0.147389,1,3
1_clip_002,152,0.349172,-0.000139,0.411141,0.147389,19,3
1_clip_002,152,0.349172,-0.000139,0.411141,0.147389,17,3
1_clip_002,152,0.349172,-0.000139,0.411141,0.147389,10,3
1_clip_002,152,0.349172,-0.000139,0.411141,0.147389,12,3
1_clip_002,152,0.349172,-0.000139,0.411141,0.147389,14,3
1_clip_002,152,0.349172,-0.000139,0.411141,0.147389,24,3
1_clip_002,152,0.349172,-0.000139,0.411141,0.147389,6,3
1_clip_002,152,0.349172,-0.000139,0.411141,0.147389,1,3
1_clip_002,152,0.349172,-0.000139,0.411141,0.147389,19,3
1_clip_002,152,0.149477,0.356681,0.298898,0.771639,17,4
1_clip_002,152,0.149477,0.356681,0.298898,0.771639,10,4
1_clip_002,152,0.149477,0.356681,0.298898,0.771639,12,4
1_clip_002,152,0.149477,0.356681,0.298898,0.771639,14,4
1_clip_002,152,0.149477,0.356681,0.298898,0.771639,24,4
1_clip_002,152,0.149477,0.356681,0.298898,0.771639,6,4
1_clip_002,152,0.149477,0.356681,0.298898,0.771639,1,4
1_clip_002,152,0.149477,0.356681,0.298898,0.771639,19,4
1_clip_002,152,0.149477,0.356681,0.298898,0.771639,17,4
1_clip_002,152,0.149477,0.356681,0.298898,0.771639,10,4
1_clip_002,152,0.149477,0.356681,0.298898,0.771639,12,4
1_clip_002,152,0.149477,0.356681,0.298898,0.771639,14,4
1_clip_002,152,0.149477,0.356681,0.298898,0.771639,24,4
1_clip_002,152,0.149477,0.356681,0.298898,0.771639,6,4
1_clip_002,152,0.149477,0.356681,0.298898,0.771639,1,4
1_clip_002,152,0.149477,0.356681,0.298898,0.771639,19,4
1_clip_002,152,0.149477,0.356681,0.298898,0.771639,17,4
1_clip_002,152,0.149477,0.356681,0.298898,0.771639,10,4
1_clip_002,152,0.149477,0.356681,0.298898,0.771639,12,4
1_clip_002,152,0.149477,0.356681,0.298898,0.771639,14,4
1_clip_002,152,0.149477,0.356681,0.298898,0.771639,24,4
1_clip_002,152,0.149477,0.356681,0.298898,0.771639,6,4
1_clip_002,152,0.149477,0.356681,0.298898,0.771639,1,4
1_clip_002,152,0.149477,0.356681,0.298898,0.771639,19,4
1_clip_002,152,0.149477,0.356681,0.298898,0.771639,17,4
1_clip_002,152,0.149477,0.356681,0.298898,0.771639,10,4
1_clip_002,152,0.149477,0.356681,0.298898,0.771639,12,4
1_clip_002,152,0.149477,0.356681,0.298898,0.771639,14,4
1_clip_002,152,0.149477,0.356681,0.298898,0.771639,24,4
1_clip_002,152,0.149477,0.356681,0.298898,0.771639,6,4
1_clip_002,152,0.149477,0.356681,0.298898,0.771639,1,4
1_clip_002,152,0.149477,0.356681,0.298898,0.771639,19,4
1_clip_002,152,0.532406,-0.000028,0.608414,0.135236,17,5
1_clip_002,152,0.532406,-0.000028,0.608414,0.135236,10,5
1_clip_002,152,0.532406,-0.000028,0.608414,0.135236,12,5
1_clip_002,152,0.532406,-0.000028,0.608414,0.135236,14,5
1_clip_002,152,0.532406,-0.000028,0.608414,0.135236,24,5
1_clip_002,152,0.532406,-0.000028,0.608414,0.135236,6,5
1_clip_002,152,0.532406,-0.000028,0.608414,0.135236,1,5
1_clip_002,152,0.532406,-0.000028,0.608414,0.135236,19,5
1_clip_002,152,0.532406,-0.000028,0.608414,0.135236,17,5
1_clip_002,152,0.532406,-0.000028,0.608414,0.135236,10,5
1_clip_002,152,0.532406,-0.000028,0.608414,0.135236,12,5
1_clip_002,152,0.532406,-0.000028,0.608414,0.135236,14,5
1_clip_002,152,0.532406,-0.000028,0.608414,0.135236,24,5
1_clip_002,152,0.532406,-0.000028,0.608414,0.135236,6,5
1_clip_002,152,0.532406,-0.000028,0.608414,0.135236,1,5
1_clip_002,152,0.532406,-0.000028,0.608414,0.135236,19,5
1_clip_002,152,0.532406,-0.000028,0.608414,0.135236,17,5
1_clip_002,152,0.532406,-0.000028,0.608414,0.135236,10,5
1_clip_002,152,0.532406,-0.000028,0.608414,0.135236,12,5
1_clip_002,152,0.532406,-0.000028,0.608414,0.135236,14,5
1_clip_002,152,0.532406,-0.000028,0.608414,0.135236,24,5
1_clip_002,152,0.532406,-0.000028,0.608414,0.135236,6,5
1_clip_002,152,0.532406,-0.000028,0.608414,0.135236,1,5
1_clip_002,152,0.532406,-0.000028,0.608414,0.135236,19,5
1_clip_002,152,0.532406,-0.000028,0.608414,0.135236,17,5
1_clip_002,152,0.532406,-0.000028,0.608414,0.135236,10,5
1_clip_002,152,0.532406,-0.000028,0.608414,0.135236,12,5
1_clip_002,152,0.532406,-0.000028,0.608414,0.135236,14,5
1_clip_002,152,0.532406,-0.000028,0.608414,0.135236,24,5
1_clip_002,152,0.532406,-0.000028,0.608414,0.135236,6,5
1_clip_002,152,0.532406,-0.000028,0.608414,0.135236,1,5
1_clip_002,152,0.532406,-0.000028,0.608414,0.135236,19,5
1_clip_002,152,0.796109,0.000833,0.838898,0.250667,17,6
1_clip_002,152,0.796109,0.000833,0.838898,0.250667,10,6
1_clip_002,152,0.796109,0.000833,0.838898,0.250667,12,6
1_clip_002,152,0.796109,0.000833,0.838898,0.250667,14,6
1_clip_002,152,0.796109,0.000833,0.838898,0.250667,24,6
1_clip_002,152,0.796109,0.000833,0.838898,0.250667,6,6
1_clip_002,152,0.796109,0.000833,0.838898,0.250667,1,6
1_clip_002,152,0.796109,0.000833,0.838898,0.250667,19,6
1_clip_002,152,0.796109,0.000833,0.838898,0.250667,17,6
1_clip_002,152,0.796109,0.000833,0.838898,0.250667,10,6
1_clip_002,152,0.796109,0.000833,0.838898,0.250667,12,6
1_clip_002,152,0.796109,0.000833,0.838898,0.250667,14,6
1_clip_002,152,0.796109,0.000833,0.838898,0.250667,24,6
1_clip_002,152,0.796109,0.000833,0.838898,0.250667,6,6
1_clip_002,152,0.796109,0.000833,0.838898,0.250667,1,6
1_clip_002,152,0.796109,0.000833,0.838898,0.250667,19,6
1_clip_002,152,0.796109,0.000833,0.838898,0.250667,17,6
1_clip_002,152,0.796109,0.000833,0.838898,0.250667,10,6
1_clip_002,152,0.796109,0.000833,0.838898,0.250667,12,6
1_clip_002,152,0.796109,0.000833,0.838898,0.250667,14,6
1_clip_002,152,0.796109,0.000833,0.838898,0.250667,24,6
1_clip_002,152,0.796109,0.000833,0.838898,0.250667,6,6
1_clip_002,152,0.796109,0.000833,0.838898,0.250667,1,6
1_clip_002,152,0.796109,0.000833,0.838898,0.250667,19,6
1_clip_002,152,0.796109,0.000833,0.838898,0.250667,17,6
1_clip_002,152,0.796109,0.000833,0.838898,0.250667,10,6
1_clip_002,152,0.796109,0.000833,0.838898,0.250667,12,6
1_clip_002,152,0.796109,0.000833,0.838898,0.250667,14,6
1_clip_002,152,0.796109,0.000833,0.838898,0.250667,24,6
1_clip_002,152,0.796109,0.000833,0.838898,0.250667,6,6
1_clip_002,152,0.796109,0.000833,0.838898,0.250667,1,6
1_clip_002,152,0.796109,0.000833,0.838898,0.250667,19,6
1_clip_003,212,0.024867,0.675569,0.110820,0.997944,17,1
1_clip_003,212,0.024867,0.675569,0.110820,0.997944,10,1
1_clip_003,212,0.024867,0.675569,0.110820,0.997944,12,1
1_clip_003,212,0.024867,0.675569,0.110820,0.997944,14,1
1_clip_003,212,0.024867,0.675569,0.110820,0.997944,24,1
1_clip_003,212,0.024867,0.675569,0.110820,0.997944,6,1
1_clip_003,212,0.024867,0.675569,0.110820,0.997944,1,1
1_clip_003,212,0.024867,0.675569,0.110820,0.997944,19,1
1_clip_003,212,0.024867,0.675569,0.110820,0.997944,17,1
1_clip_003,212,0.024867,0.675569,0.110820,0.997944,10,1
1_clip_003,212,0.024867,0.675569,0.110820,0.997944,12,1
1_clip_003,212,0.024867,0.675569,0.110820,0.997944,14,1
1_clip_003,212,0.024867,0.675569,0.110820,0.997944,24,1
1_clip_003,212,0.024867,0.675569,0.110820,0.997944,6,1
1_clip_003,212,0.024867,0.675569,0.110820,0.997944,1,1
1_clip_003,212,0.024867,0.675569,0.110820,0.997944,19,1
1_clip_003,212,0.024867,0.675569,0.110820,0.997944,17,1
1_clip_003,212,0.024867,0.675569,0.110820,0.997944,10,1
1_clip_003,212,0.024867,0.675569,0.110820,0.997944,12,1
1_clip_003,212,0.024867,0.675569,0.110820,0.997944,14,1
1_clip_003,212,0.024867,0.675569,0.110820,0.997944,24,1
1_clip_003,212,0.024867,0.675569,0.110820,0.997944,6,1
1_clip_003,212,0.024867,0.675569,0.110820,0.997944,1,1
1_clip_003,212,0.024867,0.675569,0.110820,0.997944,19,1
1_clip_003,212,0.024867,0.675569,0.110820,0.997944,17,1
1_clip_003,212,0.024867,0.675569,0.110820,0.997944,10,1
1_clip_003,212,0.024867,0.675569,0.110820,0.997944,12,1
1_clip_003,212,0.024867,0.675569,0.110820,0.997944,14,1
1_clip_003,212,0.024867,0.675569,0.110820,0.997944,24,1
1_clip_003,212,0.024867,0.675569,0.110820,0.997944,6,1
1_clip_003,212,0.024867,0.675569,0.110820,0.997944,1,1
1_clip_003,212,0.024867,0.675569,0.110820,0.997944,19,1
1_clip_003,212,0.146750,0.358028,0.293875,0.770361,17,2
1_clip_003,212,0.146750,0.358028,0.293875,0.770361,10,2
1_clip_003,212,0.146750,0.358028,0.293875,0.770361,12,2
1_clip_003,212,0.146750,0.358028,0.293875,0.770361,14,2
1_clip_003,212,0.146750,0.358028,0.293875,0.770361,24,2
1_clip_003,212,0.146750,0.358028,0.293875,0.770361,6,2
1_clip_003,212,0.146750,0.358028,0.293875,0.770361,1,2
1_clip_003,212,0.146750,0.358028,0.293875,0.770361,19,2
1_clip_003,212,0.146750,0.358028,0.293875,0.770361,17,2
1_clip_003,212,0.146750,0.358028,0.293875,0.770361,10,2
1_clip_003,212,0.146750,0.358028,0.293875,0.770361,12,2
1_clip_003,212,0.146750,0.358028,0.293875,0.770361,14,2
1_clip_003,212,0.146750,0.358028,0.293875,0.770361,24,2
1_clip_003,212,0.146750,0.358028,0.293875,0.770361,6,2
1_clip_003,212,0.146750,0.358028,0.293875,0.770361,1,2
1_clip_003,212,0.146750,0.358028,0.293875,0.770361,19,2
1_clip_003,212,0.146750,0.358028,0.293875,0.770361,17,2
1_clip_003,212,0.146750,0.358028,0.293875,0.770361,10,2
1_clip_003,212,0.146750,0.358028,0.293875,0.770361,12,2
1_clip_003,212,0.146750,0.358028,0.293875,0.770361,14,2
1_clip_003,212,0.146750,0.358028,0.293875,0.770361,24,2
1_clip_003,212,0.146750,0.358028,0.293875,0.770361,6,2
1_clip_003,212,0.146750,0.358028,0.293875,0.770361,1,2
1_clip_003,212,0.146750,0.358028,0.293875,0.770361,19,2
1_clip_003,212,0.146750,0.358028,0.293875,0.770361,17,2
1_clip_003,212,0.146750,0.358028,0.293875,0.770361,10,2
1_clip_003,212,0.146750,0.358028,0.293875,0.770361,12,2
1_clip_003,212,0.146750,0.358028,0.293875,0.770361,14,2
1_clip_003,212,0.146750,0.358028,0.293875,0.770361,24,2
1_clip_003,212,0.146750,0.358028,0.293875,0.770361,6,2
1_clip_003,212,0.146750,0.358028,0.293875,0.770361,1,2
1_clip_003,212,0.146750,0.358028,0.293875,0.770361,19,2
1_clip_003,212,0.912727,0.001444,0.997227,0.290986,17,3
1_clip_003,212,0.912727,0.001444,0.997227,0.290986,10,3
1_clip_003,212,0.912727,0.001444,0.997227,0.290986,12,3
1_clip_003,212,0.912727,0.001444,0.997227,0.290986,14,3
1_clip_003,212,0.912727,0.001444,0.997227,0.290986,24,3
1_clip_003,212,0.912727,0.001444,0.997227,0.290986,6,3
1_clip_003,212,0.912727,0.001444,0.997227,0.290986,1,3
1_clip_003,212,0.912727,0.001444,0.997227,0.290986,19,3
1_clip_003,212,0.912727,0.001444,0.997227,0.290986,17,3
1_clip_003,212,0.912727,0.001444,0.997227,0.290986,10,3
1_clip_003,212,0.912727,0.001444,0.997227,0.290986,12,3
1_clip_003,212,0.912727,0.001444,0.997227,0.290986,14,3
1_clip_003,212,0.912727,0.001444,0.997227,0.290986,24,3
1_clip_003,212,0.912727,0.001444,0.997227,0.290986,6,3
1_clip_003,212,0.912727,0.001444,0.997227,0.290986,1,3
1_clip_003,212,0.912727,0.001444,0.997227,0.290986,19,3
1_clip_003,212,0.912727,0.001444,0.997227,0.290986,17,3
1_clip_003,212,0.912727,0.001444,0.997227,0.290986,10,3
1_clip_003,212,0.912727,0.001444,0.997227,0.290986,12,3
1_clip_003,212,0.912727,0.001444,0.997227,0.290986,14,3
1_clip_003,212,0.912727,0.001444,0.997227,0.290986,24,3
1_clip_003,212,0.912727,0.001444,0.997227,0.290986,6,3
1_clip_003,212,0.912727,0.001444,0.997227,0.290986,1,3
1_clip_003,212,0.912727,0.001444,0.997227,0.290986,19,3
1_clip_003,212,0.912727,0.001444,0.997227,0.290986,17,3
1_clip_003,212,0.912727,0.001444,0.997227,0.290986,10,3
1_clip_003,212,0.912727,0.001444,0.997227,0.290986,12,3
1_clip_003,212,0.912727,0.001444,0.997227,0.290986,14,3
1_clip_003,212,0.912727,0.001444,0.997227,0.290986,24,3
1_clip_003,212,0.912727,0.001444,0.997227,0.290986,6,3
1_clip_003,212,0.912727,0.001444,0.997227,0.290986,1,3
1_clip_003,212,0.912727,0.001444,0.997227,0.290986,19,3
1_clip_003,212,0.637031,0.158458,0.722078,0.564389,17,4
1_clip_003,212,0.637031,0.158458,0.722078,0.564389,10,4
1_clip_003,212,0.637031,0.158458,0.722078,0.564389,12,4
1_clip_003,212,0.637031,0.158458,0.722078,0.564389,14,4
1_clip_003,212,0.637031,0.158458,0.722078,0.564389,24,4
1_clip_003,212,0.637031,0.158458,0.722078,0.564389,6,4
1_clip_003,212,0.637031,0.158458,0.722078,0.564389,1,4
1_clip_003,212,0.637031,0.158458,0.722078,0.564389,19,4
1_clip_003,212,0.637031,0.158458,0.722078,0.564389,17,4
1_clip_003,212,0.637031,0.158458,0.722078,0.564389,10,4
1_clip_003,212,0.637031,0.158458,0.722078,0.564389,12,4
1_clip_003,212,0.637031,0.158458,0.722078,0.564389,14,4
1_clip_003,212,0.637031,0.158458,0.722078,0.564389,24,4
1_clip_003,212,0.637031,0.158458,0.722078,0.564389,6,4
1_clip_003,212,0.637031,0.158458,0.722078,0.564389,1,4
1_clip_003,212,0.637031,0.158458,0.722078,0.564389,19,4
1_clip_003,212,0.637031,0.158458,0.722078,0.564389,17,4
1_clip_003,212,0.637031,0.158458,0.722078,0.564389,10,4
1_clip_003,212,0.637031,0.158458,0.722078,0.564389,12,4
1_clip_003,212,0.637031,0.158458,0.722078,0.564389,14,4
1_clip_003,212,0.637031,0.158458,0.722078,0.564389,24,4
1_clip_003,212,0.637031,0.158458,0.722078,0.564389,6,4
1_clip_003,212,0.637031,0.158458,0.722078,0.564389,1,4
1_clip_003,212,0.637031,0.158458,0.722078,0.564389,19,4
1_clip_003,212,0.637031,0.158458,0.722078,0.564389,17,4
1_clip_003,212,0.637031,0.158458,0.722078,0.564389,10,4
1_clip_003,212,0.637031,0.158458,0.722078,0.564389,12,4
1_clip_003,212,0.637031,0.158458,0.722078,0.564389,14,4
1_clip_003,212,0.637031,0.158458,0.722078,0.564389,24,4
1_clip_003,212,0.637031,0.158458,0.722078,0.564389,6,4
1_clip_003,212,0.637031,0.158458,0.722078,0.564389,1,4
1_clip_003,212,0.637031,0.158458,0.722078,0.564389,19,4
1_clip_003,212,0.320211,0.282500,0.446453,0.659569,17,5
1_clip_003,212,0.320211,0.282500,0.446453,0.659569,10,5
1_clip_003,212,0.320211,0.282500,0.446453,0.659569,12,5
1_clip_003,212,0.320211,0.282500,0.446453,0.659569,14,5
1_clip_003,212,0.320211,0.282500,0.446453,0.659569,24,5
1_clip_003,212,0.320211,0.282500,0.446453,0.659569,6,5
1_clip_003,212,0.320211,0.282500,0.446453,0.659569,1,5
1_clip_003,212,0.320211,0.282500,0.446453,0.659569,19,5
1_clip_003,212,0.320211,0.282500,0.446453,0.659569,17,5
1_clip_003,212,0.320211,0.282500,0.446453,0.659569,10,5
1_clip_003,212,0.320211,0.282500,0.446453,0.659569,12,5
1_clip_003,212,0.320211,0.282500,0.446453,0.659569,14,5
1_clip_003,212,0.320211,0.282500,0.446453,0.659569,24,5
1_clip_003,212,0.320211,0.282500,0.446453,0.659569,6,5
1_clip_003,212,0.320211,0.282500,0.446453,0.659569,1,5
1_clip_003,212,0.320211,0.282500,0.446453,0.659569,19,5
1_clip_003,212,0.320211,0.282500,0.446453,0.659569,17,5
1_clip_003,212,0.320211,0.282500,0.446453,0.659569,10,5
1_clip_003,212,0.320211,0.282500,0.446453,0.659569,12,5
1_clip_003,212,0.320211,0.282500,0.446453,0.659569,14,5
1_clip_003,212,0.320211,0.282500,0.446453,0.659569,24,5
1_clip_003,212,0.320211,0.282500,0.446453,0.659569,6,5
1_clip_003,212,0.320211,0.282500,0.446453,0.659569,1,5
1_clip_003,212,0.320211,0.282500,0.446453,0.659569,19,5
1_clip_003,212,0.320211,0.282500,0.446453,0.659569,17,5
1_clip_003,212,0.320211,0.282500,0.446453,0.659569,10,5
1_clip_003,212,0.320211,0.282500,0.446453,0.659569,12,5
1_clip_003,212,0.320211,0.282500,0.446453,0.659569,14,5
1_clip_003,212,0.320211,0.282500,0.446453,0.659569,24,5
1_clip_003,212,0.320211,0.282500,0.446453,0.659569,6,5
1_clip_003,212,0.320211,0.282500,0.446453,0.659569,1,5
1_clip_003,212,0.320211,0.282500,0.446453,0.659569,19,5
1_clip_003,212,0.797977,0.000458,0.855008,0.248708,17,6
1_clip_003,212,0.797977,0.000458,0.855008,0.248708,10,6
1_clip_003,212,0.797977,0.000458,0.855008,0.248708,12,6
1_clip_003,212,0.797977,0.000458,0.855008,0.248708,14,6
1_clip_003,212,0.797977,0.000458,0.855008,0.248708,24,6
1_clip_003,212,0.797977,0.000458,0.855008,0.248708,6,6
1_clip_003,212,0.797977,0.000458,0.855008,0.248708,1,6
1_clip_003,212,0.797977,0.000458,0.855008,0.248708,19,6
1_clip_003,212,0.797977,0.000458,0.855008,0.248708,17,6
1_clip_003,212,0.797977,0.000458,0.855008,0.248708,10,6
1_clip_003,212,0.797977,0.000458,0.855008,0.248708,12,6
1_clip_003,212,0.797977,0.000458,0.855008,0.248708,14,6
1_clip_003,212,0.797977,0.000458,0.855008,0.248708,24,6
1_clip_003,212,0.797977,0.000458,0.855008,0.248708,6,6
1_clip_003,212,0.797977,0.000458,0.855008,0.248708,1,6
1_clip_003,212,0.797977,0.000458,0.855008,0.248708,19,6
1_clip_003,212,0.797977,0.000458,0.855008,0.248708,17,6
1_clip_003,212,0.797977,0.000458,0.855008,0.248708,10,6
1_clip_003,212,0.797977,0.000458,0.855008,0.248708,12,6
1_clip_003,212,0.797977,0.000458,0.855008,0.248708,14,6
1_clip_003,212,0.797977,0.000458,0.855008,0.248708,24,6
1_clip_003,212,0.797977,0.000458,0.855008,0.248708,6,6
1_clip_003,212,0.797977,0.000458,0.855008,0.248708,1,6
1_clip_003,212,0.797977,0.000458,0.855008,0.248708,19,6
1_clip_003,212,0.797977,0.000458,0.855008,0.248708,17,6
1_clip_003,212,0.797977,0.000458,0.855008,0.248708,10,6
1_clip_003,212,0.797977,0.000458,0.855008,0.248708,12,6
1_clip_003,212,0.797977,0.000458,0.855008,0.248708,14,6
1_clip_003,212,0.797977,0.000458,0.855008,0.248708,24,6
1_clip_003,212,0.797977,0.000458,0.855008,0.248708,6,6
1_clip_003,212,0.797977,0.000458,0.855008,0.248708,1,6
1_clip_003,212,0.797977,0.000458,0.855008,0.248708,19,6
1_clip_003,212,0.561961,0.000444,0.658781,0.122403,17,7
1_clip_003,212,0.561961,0.000444,0.658781,0.122403,10,7
1_clip_003,212,0.561961,0.000444,0.658781,0.122403,12,7
1_clip_003,212,0.561961,0.000444,0.658781,0.122403,14,7
1_clip_003,212,0.561961,0.000444,0.658781,0.122403,24,7
1_clip_003,212,0.561961,0.000444,0.658781,0.122403,6,7
1_clip_003,212,0.561961,0.000444,0.658781,0.122403,1,7
1_clip_003,212,0.561961,0.000444,0.658781,0.122403,19,7
1_clip_003,212,0.561961,0.000444,0.658781,0.122403,17,7
1_clip_003,212,0.561961,0.000444,0.658781,0.122403,10,7
1_clip_003,212,0.561961,0.000444,0.658781,0.122403,12,7
1_clip_003,212,0.561961,0.000444,0.658781,0.122403,14,7
1_clip_003,212,0.561961,0.000444,0.658781,0.122403,24,7
1_clip_003,212,0.561961,0.000444,0.658781,0.122403,6,7
1_clip_003,212,0.561961,0.000444,0.658781,0.122403,1,7
1_clip_003,212,0.561961,0.000444,0.658781,0.122403,19,7
1_clip_003,212,0.561961,0.000444,0.658781,0.122403,17,7
1_clip_003,212,0.561961,0.000444,0.658781,0.122403,10,7
1_clip_003,212,0.561961,0.000444,0.658781,0.122403,12,7
1_clip_003,212,0.561961,0.000444,0.658781,0.122403,14,7
1_clip_003,212,0.561961,0.000444,0.658781,0.122403,24,7
1_clip_003,212,0.561961,0.000444,0.658781,0.122403,6,7
1_clip_003,212,0.561961,0.000444,0.658781,0.122403,1,7
1_clip_003,212,0.561961,0.000444,0.658781,0.122403,19,7
1_clip_003,212,0.561961,0.000444,0.658781,0.122403,17,7
1_clip_003,212,0.561961,0.000444,0.658781,0.122403,10,7
1_clip_003,212,0.561961,0.000444,0.658781,0.122403,12,7
1_clip_003,212,0.561961,0.000444,0.658781,0.122403,14,7
1_clip_003,212,0.561961,0.000444,0.658781,0.122403,24,7
1_clip_003,212,0.561961,0.000444,0.658781,0.122403,6,7
1_clip_003,212,0.561961,0.000444,0.658781,0.122403,1,7
1_clip_003,212,0.561961,0.000444,0.658781,0.122403,19,7
1_clip_004,161,0.652352,0.188944,0.719422,0.564028,17,1
1_clip_004,161,0.652352,0.188944,0.719422,0.564028,10,1
1_clip_004,161,0.652352,0.188944,0.719422,0.564028,12,1
1_clip_004,161,0.652352,0.188944,0.719422,0.564028,14,1
1_clip_004,161,0.652352,0.188944,0.719422,0.564028,24,1
1_clip_004,161,0.652352,0.188944,0.719422,0.564028,6,1
1_clip_004,161,0.652352,0.188944,0.719422,0.564028,1,1
1_clip_004,161,0.652352,0.188944,0.719422,0.564028,19,1
1_clip_004,161,0.652352,0.188944,0.719422,0.564028,17,1
1_clip_004,161,0.652352,0.188944,0.719422,0.564028,10,1
1_clip_004,161,0.652352,0.188944,0.719422,0.564028,12,1
1_clip_004,161,0.652352,0.188944,0.719422,0.564028,14,1
1_clip_004,161,0.652352,0.188944,0.719422,0.564028,24,1
1_clip_004,161,0.652352,0.188944,0.719422,0.564028,6,1
1_clip_004,161,0.652352,0.188944,0.719422,0.564028,1,1
1_clip_004,161,0.652352,0.188944,0.719422,0.564028,19,1
1_clip_004,161,0.652352,0.188944,0.719422,0.564028,17,1
1_clip_004,161,0.652352,0.188944,0.719422,0.564028,10,1
1_clip_004,161,0.652352,0.188944,0.719422,0.564028,12,1
1_clip_004,161,0.652352,0.188944,0.719422,0.564028,14,1
1_clip_004,161,0.652352,0.188944,0.719422,0.564028,24,1
1_clip_004,161,0.652352,0.188944,0.719422,0.564028,6,1
1_clip_004,161,0.652352,0.188944,0.719422,0.564028,1,1
1_clip_004,161,0.652352,0.188944,0.719422,0.564028,19,1
1_clip_004,161,0.652352,0.188944,0.719422,0.564028,17,1
1_clip_004,161,0.652352,0.188944,0.719422,0.564028,10,1
1_clip_004,161,0.652352,0.188944,0.719422,0.564028,12,1
1_clip_004,161,0.652352,0.188944,0.719422,0.564028,14,1
1_clip_004,161,0.652352,0.188944,0.719422,0.564028,24,1
1_clip_004,161,0.652352,0.188944,0.719422,0.564028,6,1
1_clip_004,161,0.652352,0.188944,0.719422,0.564028,1,1
1_clip_004,161,0.652352,0.188944,0.719422,0.564028,19,1
1_clip_004,161,0.908313,0.001347,0.999484,0.292167,17,2
1_clip_004,161,0.908313,0.001347,0.999484,0.292167,10,2
1_clip_004,161,0.908313,0.001347,0.999484,0.292167,12,2
1_clip_004,161,0.908313,0.001347,0.999484,0.292167,14,2
1_clip_004,161,0.908313,0.001347,0.999484,0.292167,24,2
1_clip_004,161,0.908313,0.001347,0.999484,0.292167,6,2
1_clip_004,161,0.908313,0.001347,0.999484,0.292167,1,2
1_clip_004,161,0.908313,0.001347,0.999484,0.292167,19,2
1_clip_004,161,0.908313,0.001347,0.999484,0.292167,17,2
1_clip_004,161,0.908313,0.001347,0.999484,0.292167,10,2
1_clip_004,161,0.908313,0.001347,0.999484,0.292167,12,2
1_clip_004,161,0.908313,0.001347,0.999484,0.292167,14,2
1_clip_004,161,0.908313,0.001347,0.999484,0.292167,24,2
1_clip_004,161,0.908313,0.001347,0.999484,0.292167,6,2
1_clip_004,161,0.908313,0.001347,0.999484,0.292167,1,2
1_clip_004,161,0.908313,0.001347,0.999484,0.292167,19,2
1_clip_004,161,0.908313,0.001347,0.999484,0.292167,17,2
1_clip_004,161,0.908313,0.001347,0.999484,0.292167,10,2
1_clip_004,161,0.908313,0.001347,0.999484,0.292167,12,2
1_clip_004,161,0.908313,0.001347,0.999484,0.292167,14,2
1_clip_004,161,0.908313,0.001347,0.999484,0.292167,24,2
1_clip_004,161,0.908313,0.001347,0.999484,0.292167,6,2
1_clip_004,161,0.908313,0.001347,0.999484,0.292167,1,2
1_clip_004,161,0.908313,0.001347,0.999484,0.292167,19,2
1_clip_004,161,0.908313,0.001347,0.999484,0.292167,17,2
1_clip_004,161,0.908313,0.001347,0.999484,0.292167,10,2
1_clip_004,161,0.908313,0.001347,0.999484,0.292167,12,2
1_clip_004,161,0.908313,0.001347,0.999484,0.292167,14,2
1_clip_004,161,0.908313,0.001347,0.999484,0.292167,24,2
1_clip_004,161,0.908313,0.001347,0.999484,0.292167,6,2
1_clip_004,161,0.908313,0.001347,0.999484,0.292167,1,2
1_clip_004,161,0.908313,0.001347,0.999484,0.292167,19,2
1_clip_004,161,0.193797,0.339750,0.273406,0.756833,17,3
1_clip_004,161,0.193797,0.339750,0.273406,0.756833,10,3
1_clip_004,161,0.193797,0.339750,0.273406,0.756833,12,3
1_clip_004,161,0.193797,0.339750,0.273406,0.756833,14,3
1_clip_004,161,0.193797,0.339750,0.273406,0.756833,24,3
1_clip_004,161,0.193797,0.339750,0.273406,0.756833,6,3
1_clip_004,161,0.193797,0.339750,0.273406,0.756833,1,3
1_clip_004,161,0.193797,0.339750,0.273406,0.756833,19,3
1_clip_004,161,0.193797,0.339750,0.273406,0.756833,17,3
1_clip_004,161,0.193797,0.339750,0.273406,0.756833,10,3
1_clip_004,161,0.193797,0.339750,0.273406,0.756833,12,3
1_clip_004,161,0.193797,0.339750,0.273406,0.756833,14,3
1_clip_004,161,0.193797,0.339750,0.273406,0.756833,24,3
1_clip_004,161,0.193797,0.339750,0.273406,0.756833,6,3
1_clip_004,161,0.193797,0.339750,0.273406,0.756833,1,3
1_clip_004,161,0.193797,0.339750,0.273406,0.756833,19,3
1_clip_004,161,0.193797,0.339750,0.273406,0.756833,17,3
1_clip_004,161,0.193797,0.339750,0.273406,0.756833,10,3
1_clip_004,161,0.193797,0.339750,0.273406,0.756833,12,3
1_clip_004,161,0.193797,0.339750,0.273406,0.756833,14,3
1_clip_004,161,0.193797,0.339750,0.273406,0.756833,24,3
1_clip_004,161,0.193797,0.339750,0.273406,0.756833,6,3
1_clip_004,161,0.193797,0.339750,0.273406,0.756833,1,3
1_clip_004,161,0.193797,0.339750,0.273406,0.756833,19,3
1_clip_004,161,0.193797,0.339750,0.273406,0.756833,17,3
1_clip_004,161,0.193797,0.339750,0.273406,0.756833,10,3
1_clip_004,161,0.193797,0.339750,0.273406,0.756833,12,3
1_clip_004,161,0.193797,0.339750,0.273406,0.756833,14,3
1_clip_004,161,0.193797,0.339750,0.273406,0.756833,24,3
1_clip_004,161,0.193797,0.339750,0.273406,0.756833,6,3
1_clip_004,161,0.193797,0.339750,0.273406,0.756833,1,3
1_clip_004,161,0.193797,0.339750,0.273406,0.756833,19,3
1_clip_004,161,0.797969,0.000486,0.851187,0.242958,17,4
1_clip_004,161,0.797969,0.000486,0.851187,0.242958,10,4
1_clip_004,161,0.797969,0.000486,0.851187,0.242958,12,4
1_clip_004,161,0.797969,0.000486,0.851187,0.242958,14,4
1_clip_004,161,0.797969,0.000486,0.851187,0.242958,24,4
1_clip_004,161,0.797969,0.000486,0.851187,0.242958,6,4
1_clip_004,161,0.797969,0.000486,0.851187,0.242958,1,4
1_clip_004,161,0.797969,0.000486,0.851187,0.242958,19,4
1_clip_004,161,0.797969,0.000486,0.851187,0.242958,17,4
1_clip_004,161,0.797969,0.000486,0.851187,0.242958,10,4
1_clip_004,161,0.797969,0.000486,0.851187,0.242958,12,4
1_clip_004,161,0.797969,0.000486,0.851187,0.242958,14,4
1_clip_004,161,0.797969,0.000486,0.851187,0.242958,24,4
1_clip_004,161,0.797969,0.000486,0.851187,0.242958,6,4
1_clip_004,161,0.797969,0.000486,0.851187,0.242958,1,4
1_clip_004,161,0.797969,0.000486,0.851187,0.242958,19,4
1_clip_004,161,0.797969,0.000486,0.851187,0.242958,17,4
1_clip_004,161,0.797969,0.000486,0.851187,0.242958,10,4
1_clip_004,161,0.797969,0.000486,0.851187,0.242958,12,4
1_clip_004,161,0.797969,0.000486,0.851187,0.242958,14,4
1_clip_004,161,0.797969,0.000486,0.851187,0.242958,24,4
1_clip_004,161,0.797969,0.000486,0.851187,0.242958,6,4
1_clip_004,161,0.797969,0.000486,0.851187,0.242958,1,4
1_clip_004,161,0.797969,0.000486,0.851187,0.242958,19,4
1_clip_004,161,0.797969,0.000486,0.851187,0.242958,17,4
1_clip_004,161,0.797969,0.000486,0.851187,0.242958,10,4
1_clip_004,161,0.797969,0.000486,0.851187,0.242958,12,4
1_clip_004,161,0.797969,0.000486,0.851187,0.242958,14,4
1_clip_004,161,0.797969,0.000486,0.851187,0.242958,24,4
1_clip_004,161,0.797969,0.000486,0.851187,0.242958,6,4
1_clip_004,161,0.797969,0.000486,0.851187,0.242958,1,4
1_clip_004,161,0.797969,0.000486,0.851187,0.242958,19,4
1_clip_004,161,0.326562,0.290708,0.423398,0.463000,17,5
1_clip_004,161,0.326562,0.290708,0.423398,0.463000,10,5
1_clip_004,161,0.326562,0.290708,0.423398,0.463000,12,5
1_clip_004,161,0.326562,0.290708,0.423398,0.463000,14,5
1_clip_004,161,0.326562,0.290708,0.423398,0.463000,24,5
1_clip_004,161,0.326562,0.290708,0.423398,0.463000,6,5
1_clip_004,161,0.326562,0.290708,0.423398,0.463000,1,5
1_clip_004,161,0.326562,0.290708,0.423398,0.463000,19,5
1_clip_004,161,0.326562,0.290708,0.423398,0.463000,17,5
1_clip_004,161,0.326562,0.290708,0.423398,0.463000,10,5
1_clip_004,161,0.326562,0.290708,0.423398,0.463000,12,5
1_clip_004,161,0.326562,0.290708,0.423398,0.463000,14,5
1_clip_004,161,0.326562,0.290708,0.423398,0.463000,24,5
1_clip_004,161,0.326562,0.290708,0.423398,0.463000,6,5
1_clip_004,161,0.326562,0.290708,0.423398,0.463000,1,5
1_clip_004,161,0.326562,0.290708,0.423398,0.463000,19,5
1_clip_004,161,0.326562,0.290708,0.423398,0.463000,17,5
1_clip_004,161,0.326562,0.290708,0.423398,0.463000,10,5
1_clip_004,161,0.326562,0.290708,0.423398,0.463000,12,5
1_clip_004,161,0.326562,0.290708,0.423398,0.463000,14,5
1_clip_004,161,0.326562,0.290708,0.423398,0.463000,24,5
1_clip_004,161,0.326562,0.290708,0.423398,0.463000,6,5
1_clip_004,161,0.326562,0.290708,0.423398,0.463000,1,5
1_clip_004,161,0.326562,0.290708,0.423398,0.463000,19,5
1_clip_004,161,0.326562,0.290708,0.423398,0.463000,17,5
1_clip_004,161,0.326562,0.290708,0.423398,0.463000,10,5
1_clip_004,161,0.326562,0.290708,0.423398,0.463000,12,5
1_clip_004,161,0.326562,0.290708,0.423398,0.463000,14,5
1_clip_004,161,0.326562,0.290708,0.423398,0.463000,24,5
1_clip_004,161,0.326562,0.290708,0.423398,0.463000,6,5
1_clip_004,161,0.326562,0.290708,0.423398,0.463000,1,5
1_clip_004,161,0.326562,0.290708,0.423398,0.463000,19,5
1_clip_005,161,0.489039,0.196472,0.600617,0.570431,17,1
1_clip_005,161,0.489039,0.196472,0.600617,0.570431,10,1
1_clip_005,161,0.489039,0.196472,0.600617,0.570431,12,1
1_clip_005,161,0.489039,0.196472,0.600617,0.570431,14,1
1_clip_005,161,0.489039,0.196472,0.600617,0.570431,24,1
1_clip_005,161,0.489039,0.196472,0.600617,0.570431,6,1
1_clip_005,161,0.489039,0.196472,0.600617,0.570431,1,1
1_clip_005,161,0.489039,0.196472,0.600617,0.570431,19,1
1_clip_005,161,0.489039,0.196472,0.600617,0.570431,17,1
1_clip_005,161,0.489039,0.196472,0.600617,0.570431,10,1
1_clip_005,161,0.489039,0.196472,0.600617,0.570431,12,1
1_clip_005,161,0.489039,0.196472,0.600617,0.570431,14,1
1_clip_005,161,0.489039,0.196472,0.600617,0.570431,24,1
1_clip_005,161,0.489039,0.196472,0.600617,0.570431,6,1
1_clip_005,161,0.489039,0.196472,0.600617,0.570431,1,1
1_clip_005,161,0.489039,0.196472,0.600617,0.570431,19,1
1_clip_005,161,0.489039,0.196472,0.600617,0.570431,17,1
1_clip_005,161,0.489039,0.196472,0.600617,0.570431,10,1
1_clip_005,161,0.489039,0.196472,0.600617,0.570431,12,1
1_clip_005,161,0.489039,0.196472,0.600617,0.570431,14,1
1_clip_005,161,0.489039,0.196472,0.600617,0.570431,24,1
1_clip_005,161,0.489039,0.196472,0.600617,0.570431,6,1
1_clip_005,161,0.489039,0.196472,0.600617,0.570431,1,1
1_clip_005,161,0.489039,0.196472,0.600617,0.570431,19,1
1_clip_005,161,0.489039,0.196472,0.600617,0.570431,17,1
1_clip_005,161,0.489039,0.196472,0.600617,0.570431,10,1
1_clip_005,161,0.489039,0.196472,0.600617,0.570431,12,1
1_clip_005,161,0.489039,0.196472,0.600617,0.570431,14,1
1_clip_005,161,0.489039,0.196472,0.600617,0.570431,24,1
1_clip_005,161,0.489039,0.196472,0.600617,0.570431,6,1
1_clip_005,161,0.489039,0.196472,0.600617,0.570431,1,1
1_clip_005,161,0.489039,0.196472,0.600617,0.570431,19,1
1_clip_005,161,0.903273,0.000194,0.963008,0.295681,17,2
1_clip_005,161,0.903273,0.000194,0.963008,0.295681,10,2
1_clip_005,161,0.903273,0.000194,0.963008,0.295681,12,2
1_clip_005,161,0.903273,0.000194,0.963008,0.295681,14,2
1_clip_005,161,0.903273,0.000194,0.963008,0.295681,24,2
1_clip_005,161,0.903273,0.000194,0.963008,0.295681,6,2
1_clip_005,161,0.903273,0.000194,0.963008,0.295681,1,2
1_clip_005,161,0.903273,0.000194,0.963008,0.295681,19,2
1_clip_005,161,0.903273,0.000194,0.963008,0.295681,17,2
1_clip_005,161,0.903273,0.000194,0.963008,0.295681,10,2
1_clip_005,161,0.903273,0.000194,0.963008,0.295681,12,2
1_clip_005,161,0.903273,0.000194,0.963008,0.295681,14,2
1_clip_005,161,0.903273,0.000194,0.963008,0.295681,24,2
1_clip_005,161,0.903273,0.000194,0.963008,0.295681,6,2
1_clip_005,161,0.903273,0.000194,0.963008,0.295681,1,2
1_clip_005,161,0.903273,0.000194,0.963008,0.295681,19,2
1_clip_005,161,0.903273,0.000194,0.963008,0.295681,17,2
1_clip_005,161,0.903273,0.000194,0.963008,0.295681,10,2
1_clip_005,161,0.903273,0.000194,0.963008,0.295681,12,2
1_clip_005,161,0.903273,0.000194,0.963008,0.295681,14,2
1_clip_005,161,0.903273,0.000194,0.963008,0.295681,24,2
1_clip_005,161,0.903273,0.000194,0.963008,0.295681,6,2
1_clip_005,161,0.903273,0.000194,0.963008,0.295681,1,2
1_clip_005,161,0.903273,0.000194,0.963008,0.295681,19,2
1_clip_005,161,0.903273,0.000194,0.963008,0.295681,17,2
1_clip_005,161,0.903273,0.000194,0.963008,0.295681,10,2
1_clip_005,161,0.903273,0.000194,0.963008,0.295681,12,2
1_clip_005,161,0.903273,0.000194,0.963008,0.295681,14,2
1_clip_005,161,0.903273,0.000194,0.963008,0.295681,24,2
1_clip_005,161,0.903273,0.000194,0.963008,0.295681,6,2
1_clip_005,161,0.903273,0.000194,0.963008,0.295681,1,2
1_clip_005,161,0.903273,0.000194,0.963008,0.295681,19,2
1_clip_005,161,0.187508,0.317083,0.264594,0.730569,17,3
1_clip_005,161,0.187508,0.317083,0.264594,0.730569,10,3
1_clip_005,161,0.187508,0.317083,0.264594,0.730569,12,3
1_clip_005,161,0.187508,0.317083,0.264594,0.730569,14,3
1_clip_005,161,0.187508,0.317083,0.264594,0.730569,24,3
1_clip_005,161,0.187508,0.317083,0.264594,0.730569,6,3
1_clip_005,161,0.187508,0.317083,0.264594,0.730569,1,3
1_clip_005,161,0.187508,0.317083,0.264594,0.730569,19,3
1_clip_005,161,0.187508,0.317083,0.264594,0.730569,17,3
1_clip_005,161,0.187508,0.317083,0.264594,0.730569,10,3
1_clip_005,161,0.187508,0.317083,0.264594,0.730569,12,3
1_clip_005,161,0.187508,0.317083,0.264594,0.730569,14,3
1_clip_005,161,0.187508,0.317083,0.264594,0.730569,24,3
1_clip_005,161,0.187508,0.317083,0.264594,0.730569,6,3
1_clip_005,161,0.187508,0.317083,0.264594,0.730569,1,3
1_clip_005,161,0.187508,0.317083,0.264594,0.730569,19,3
1_clip_005,161,0.187508,0.317083,0.264594,0.730569,17,3
1_clip_005,161,0.187508,0.317083,0.264594,0.730569,10,3
1_clip_005,161,0.187508,0.317083,0.264594,0.730569,12,3
1_clip_005,161,0.187508,0.317083,0.264594,0.730569,14,3
1_clip_005,161,0.187508,0.317083,0.264594,0.730569,24,3
1_clip_005,161,0.187508,0.317083,0.264594,0.730569,6,3
1_clip_005,161,0.187508,0.317083,0.264594,0.730569,1,3
1_clip_005,161,0.187508,0.317083,0.264594,0.730569,19,3
1_clip_005,161,0.187508,0.317083,0.264594,0.730569,17,3
1_clip_005,161,0.187508,0.317083,0.264594,0.730569,10,3
1_clip_005,161,0.187508,0.317083,0.264594,0.730569,12,3
1_clip_005,161,0.187508,0.317083,0.264594,0.730569,14,3
1_clip_005,161,0.187508,0.317083,0.264594,0.730569,24,3
1_clip_005,161,0.187508,0.317083,0.264594,0.730569,6,3
1_clip_005,161,0.187508,0.317083,0.264594,0.730569,1,3
1_clip_005,161,0.187508,0.317083,0.264594,0.730569,19,3
1_clip_005,161,0.798453,0.000264,0.850031,0.242444,17,4
1_clip_005,161,0.798453,0.000264,0.850031,0.242444,10,4
1_clip_005,161,0.798453,0.000264,0.850031,0.242444,12,4
1_clip_005,161,0.798453,0.000264,0.850031,0.242444,14,4
1_clip_005,161,0.798453,0.000264,0.850031,0.242444,24,4
1_clip_005,161,0.798453,0.000264,0.850031,0.242444,6,4
1_clip_005,161,0.798453,0.000264,0.850031,0.242444,1,4
1_clip_005,161,0.798453,0.000264,0.850031,0.242444,19,4
1_clip_005,161,0.798453,0.000264,0.850031,0.242444,17,4
1_clip_005,161,0.798453,0.000264,0.850031,0.242444,10,4
1_clip_005,161,0.798453,0.000264,0.850031,0.242444,12,4
1_clip_005,161,0.798453,0.000264,0.850031,0.242444,14,4
1_clip_005,161,0.798453,0.000264,0.850031,0.242444,24,4
1_clip_005,161,0.798453,0.000264,0.850031,0.242444,6,4
1_clip_005,161,0.798453,0.000264,0.850031,0.242444,1,4
1_clip_005,161,0.798453,0.000264,0.850031,0.242444,19,4
1_clip_005,161,0.798453,0.000264,0.850031,0.242444,17,4
1_clip_005,161,0.798453,0.000264,0.850031,0.242444,10,4
1_clip_005,161,0.798453,0.000264,0.850031,0.242444,12,4
1_clip_005,161,0.798453,0.000264,0.850031,0.242444,14,4
1_clip_005,161,0.798453,0.000264,0.850031,0.242444,24,4
1_clip_005,161,0.798453,0.000264,0.850031,0.242444,6,4
1_clip_005,161,0.798453,0.000264,0.850031,0.242444,1,4
1_clip_005,161,0.798453,0.000264,0.850031,0.242444,19,4
1_clip_005,161,0.798453,0.000264,0.850031,0.242444,17,4
1_clip_005,161,0.798453,0.000264,0.850031,0.242444,10,4
1_clip_005,161,0.798453,0.000264,0.850031,0.242444,12,4
1_clip_005,161,0.798453,0.000264,0.850031,0.242444,14,4
1_clip_005,161,0.798453,0.000264,0.850031,0.242444,24,4
1_clip_005,161,0.798453,0.000264,0.850031,0.242444,6,4
1_clip_005,161,0.798453,0.000264,0.850031,0.242444,1,4
1_clip_005,161,0.798453,0.000264,0.850031,0.242444,19,4
1_clip_005,161,0.352031,0.268278,0.415242,0.462250,17,5
1_clip_005,161,0.352031,0.268278,0.415242,0.462250,10,5
1_clip_005,161,0.352031,0.268278,0.415242,0.462250,12,5
1_clip_005,161,0.352031,0.268278,0.415242,0.462250,14,5
1_clip_005,161,0.352031,0.268278,0.415242,0.462250,24,5
1_clip_005,161,0.352031,0.268278,0.415242,0.462250,6,5
1_clip_005,161,0.352031,0.268278,0.415242,0.462250,1,5
1_clip_005,161,0.352031,0.268278,0.415242,0.462250,19,5
1_clip_005,161,0.352031,0.268278,0.415242,0.462250,17,5
1_clip_005,161,0.352031,0.268278,0.415242,0.462250,10,5
1_clip_005,161,0.352031,0.268278,0.415242,0.462250,12,5
1_clip_005,161,0.352031,0.268278,0.415242,0.462250,14,5
1_clip_005,161,0.352031,0.268278,0.415242,0.462250,24,5
1_clip_005,161,0.352031,0.268278,0.415242,0.462250,6,5
1_clip_005,161,0.352031,0.268278,0.415242,0.462250,1,5
1_clip_005,161,0.352031,0.268278,0.415242,0.462250,19,5
1_clip_005,161,0.352031,0.268278,0.415242,0.462250,17,5
1_clip_005,161,0.352031,0.268278,0.415242,0.462250,10,5
1_clip_005,161,0.352031,0.268278,0.415242,0.462250,12,5
1_clip_005,161,0.352031,0.268278,0.415242,0.462250,14,5
1_clip_005,161,0.352031,0.268278,0.415242,0.462250,24,5
1_clip_005,161,0.352031,0.268278,0.415242,0.462250,6,5
1_clip_005,161,0.352031,0.268278,0.415242,0.462250,1,5
1_clip_005,161,0.352031,0.268278,0.415242,0.462250,19,5
1_clip_005,161,0.352031,0.268278,0.415242,0.462250,17,5
1_clip_005,161,0.352031,0.268278,0.415242,0.462250,10,5
1_clip_005,161,0.352031,0.268278,0.415242,0.462250,12,5
1_clip_005,161,0.352031,0.268278,0.415242,0.462250,14,5
1_clip_005,161,0.352031,0.268278,0.415242,0.462250,24,5
1_clip_005,161,0.352031,0.268278,0.415242,0.462250,6,5
1_clip_005,161,0.352031,0.268278,0.415242,0.462250,1,5
1_clip_005,161,0.352031,0.268278,0.415242,0.462250,19,5
1_clip_006,218,0.905203,0.000819,0.967938,0.295056,17,1
1_clip_006,218,0.905203,0.000819,0.967938,0.295056,10,1
1_clip_006,218,0.905203,0.000819,0.967938,0.295056,12,1
1_clip_006,218,0.905203,0.000819,0.967938,0.295056,14,1
1_clip_006,218,0.905203,0.000819,0.967938,0.295056,24,1
1_clip_006,218,0.905203,0.000819,0.967938,0.295056,6,1
1_clip_006,218,0.905203,0.000819,0.967938,0.295056,1,1
1_clip_006,218,0.905203,0.000819,0.967938,0.295056,19,1
1_clip_006,218,0.905203,0.000819,0.967938,0.295056,17,1
1_clip_006,218,0.905203,0.000819,0.967938,0.295056,10,1
1_clip_006,218,0.905203,0.000819,0.967938,0.295056,12,1
1_clip_006,218,0.905203,0.000819,0.967938,0.295056,14,1
1_clip_006,218,0.905203,0.000819,0.967938,0.295056,24,1
1_clip_006,218,0.905203,0.000819,0.967938,0.295056,6,1
1_clip_006,218,0.905203,0.000819,0.967938,0.295056,1,1
1_clip_006,218,0.905203,0.000819,0.967938,0.295056,19,1
1_clip_006,218,0.905203,0.000819,0.967938,0.295056,17,1
1_clip_006,218,0.905203,0.000819,0.967938,0.295056,10,1
1_clip_006,218,0.905203,0.000819,0.967938,0.295056,12,1
1_clip_006,218,0.905203,0.000819,0.967938,0.295056,14,1
1_clip_006,218,0.905203,0.000819,0.967938,0.295056,24,1
1_clip_006,218,0.905203,0.000819,0.967938,0.295056,6,1
1_clip_006,218,0.905203,0.000819,0.967938,0.295056,1,1
1_clip_006,218,0.905203,0.000819,0.967938,0.295056,19,1
1_clip_006,218,0.905203,0.000819,0.967938,0.295056,17,1
1_clip_006,218,0.905203,0.000819,0.967938,0.295056,10,1
1_clip_006,218,0.905203,0.000819,0.967938,0.295056,12,1
1_clip_006,218,0.905203,0.000819,0.967938,0.295056,14,1
1_clip_006,218,0.905203,0.000819,0.967938,0.295056,24,1
1_clip_006,218,0.905203,0.000819,0.967938,0.295056,6,1
1_clip_006,218,0.905203,0.000819,0.967938,0.295056,1,1
1_clip_006,218,0.905203,0.000819,0.967938,0.295056,19,1
1_clip_006,218,0.170055,0.326194,0.262797,0.728083,17,2
1_clip_006,218,0.170055,0.326194,0.262797,0.728083,10,2
1_clip_006,218,0.170055,0.326194,0.262797,0.728083,12,2
1_clip_006,218,0.170055,0.326194,0.262797,0.728083,14,2
1_clip_006,218,0.170055,0.326194,0.262797,0.728083,24,2
1_clip_006,218,0.170055,0.326194,0.262797,0.728083,6,2
1_clip_006,218,0.170055,0.326194,0.262797,0.728083,1,2
1_clip_006,218,0.170055,0.326194,0.262797,0.728083,19,2
1_clip_006,218,0.170055,0.326194,0.262797,0.728083,17,2
1_clip_006,218,0.170055,0.326194,0.262797,0.728083,10,2
1_clip_006,218,0.170055,0.326194,0.262797,0.728083,12,2
1_clip_006,218,0.170055,0.326194,0.262797,0.728083,14,2
1_clip_006,218,0.170055,0.326194,0.262797,0.728083,24,2
1_clip_006,218,0.170055,0.326194,0.262797,0.728083,6,2
1_clip_006,218,0.170055,0.326194,0.262797,0.728083,1,2
1_clip_006,218,0.170055,0.326194,0.262797,0.728083,19,2
1_clip_006,218,0.170055,0.326194,0.262797,0.728083,17,2
1_clip_006,218,0.170055,0.326194,0.262797,0.728083,10,2
1_clip_006,218,0.170055,0.326194,0.262797,0.728083,12,2
1_clip_006,218,0.170055,0.326194,0.262797,0.728083,14,2
1_clip_006,218,0.170055,0.326194,0.262797,0.728083,24,2
1_clip_006,218,0.170055,0.326194,0.262797,0.728083,6,2
1_clip_006,218,0.170055,0.326194,0.262797,0.728083,1,2
1_clip_006,218,0.170055,0.326194,0.262797,0.728083,19,2
1_clip_006,218,0.170055,0.326194,0.262797,0.728083,17,2
1_clip_006,218,0.170055,0.326194,0.262797,0.728083,10,2
1_clip_006,218,0.170055,0.326194,0.262797,0.728083,12,2
1_clip_006,218,0.170055,0.326194,0.262797,0.728083,14,2
1_clip_006,218,0.170055,0.326194,0.262797,0.728083,24,2
1_clip_006,218,0.170055,0.326194,0.262797,0.728083,6,2
1_clip_006,218,0.170055,0.326194,0.262797,0.728083,1,2
1_clip_006,218,0.170055,0.326194,0.262797,0.728083,19,2
1_clip_006,218,0.426172,0.178694,0.491258,0.550722,17,3
1_clip_006,218,0.426172,0.178694,0.491258,0.550722,10,3
1_clip_006,218,0.426172,0.178694,0.491258,0.550722,12,3
1_clip_006,218,0.426172,0.178694,0.491258,0.550722,14,3
1_clip_006,218,0.426172,0.178694,0.491258,0.550722,24,3
1_clip_006,218,0.426172,0.178694,0.491258,0.550722,6,3
1_clip_006,218,0.426172,0.178694,0.491258,0.550722,1,3
1_clip_006,218,0.426172,0.178694,0.491258,0.550722,19,3
1_clip_006,218,0.426172,0.178694,0.491258,0.550722,17,3
1_clip_006,218,0.426172,0.178694,0.491258,0.550722,10,3
1_clip_006,218,0.426172,0.178694,0.491258,0.550722,12,3
1_clip_006,218,0.426172,0.178694,0.491258,0.550722,14,3
1_clip_006,218,0.426172,0.178694,0.491258,0.550722,24,3
1_clip_006,218,0.426172,0.178694,0.491258,0.550722,6,3
1_clip_006,218,0.426172,0.178694,0.491258,0.550722,1,3
1_clip_006,218,0.426172,0.178694,0.491258,0.550722,19,3
1_clip_006,218,0.426172,0.178694,0.491258,0.550722,17,3
1_clip_006,218,0.426172,0.178694,0.491258,0.550722,10,3
1_clip_006,218,0.426172,0.178694,0.491258,0.550722,12,3
1_clip_006,218,0.426172,0.178694,0.491258,0.550722,14,3
1_clip_006,218,0.426172,0.178694,0.491258,0.550722,24,3
1_clip_006,218,0.426172,0.178694,0.491258,0.550722,6,3
1_clip_006,218,0.426172,0.178694,0.491258,0.550722,1,3
1_clip_006,218,0.426172,0.178694,0.491258,0.550722,19,3
1_clip_006,218,0.426172,0.178694,0.491258,0.550722,17,3
1_clip_006,218,0.426172,0.178694,0.491258,0.550722,10,3
1_clip_006,218,0.426172,0.178694,0.491258,0.550722,12,3
1_clip_006,218,0.426172,0.178694,0.491258,0.550722,14,3
1_clip_006,218,0.426172,0.178694,0.491258,0.550722,24,3
1_clip_006,218,0.426172,0.178694,0.491258,0.550722,6,3
1_clip_006,218,0.426172,0.178694,0.491258,0.550722,1,3
1_clip_006,218,0.426172,0.178694,0.491258,0.550722,19,3
1_clip_006,218,0.799367,0.000250,0.851336,0.246736,17,4
1_clip_006,218,0.799367,0.000250,0.851336,0.246736,10,4
1_clip_006,218,0.799367,0.000250,0.851336,0.246736,12,4
1_clip_006,218,0.799367,0.000250,0.851336,0.246736,14,4
1_clip_006,218,0.799367,0.000250,0.851336,0.246736,24,4
1_clip_006,218,0.799367,0.000250,0.851336,0.246736,6,4
1_clip_006,218,0.799367,0.000250,0.851336,0.246736,1,4
1_clip_006,218,0.799367,0.000250,0.851336,0.246736,19,4
1_clip_006,218,0.799367,0.000250,0.851336,0.246736,17,4
1_clip_006,218,0.799367,0.000250,0.851336,0.246736,10,4
1_clip_006,218,0.799367,0.000250,0.851336,0.246736,12,4
1_clip_006,218,0.799367,0.000250,0.851336,0.246736,14,4
1_clip_006,218,0.799367,0.000250,0.851336,0.246736,24,4
1_clip_006,218,0.799367,0.000250,0.851336,0.246736,6,4
1_clip_006,218,0.799367,0.000250,0.851336,0.246736,1,4
1_clip_006,218,0.799367,0.000250,0.851336,0.246736,19,4
1_clip_006,218,0.799367,0.000250,0.851336,0.246736,17,4
1_clip_006,218,0.799367,0.000250,0.851336,0.246736,10,4
1_clip_006,218,0.799367,0.000250,0.851336,0.246736,12,4
1_clip_006,218,0.799367,0.000250,0.851336,0.246736,14,4
1_clip_006,218,0.799367,0.000250,0.851336,0.246736,24,4
1_clip_006,218,0.799367,0.000250,0.851336,0.246736,6,4
1_clip_006,218,0.799367,0.000250,0.851336,0.246736,1,4
1_clip_006,218,0.799367,0.000250,0.851336,0.246736,19,4
1_clip_006,218,0.799367,0.000250,0.851336,0.246736,17,4
1_clip_006,218,0.799367,0.000250,0.851336,0.246736,10,4
1_clip_006,218,0.799367,0.000250,0.851336,0.246736,12,4
1_clip_006,218,0.799367,0.000250,0.851336,0.246736,14,4
1_clip_006,218,0.799367,0.000250,0.851336,0.246736,24,4
1_clip_006,218,0.799367,0.000250,0.851336,0.246736,6,4
1_clip_006,218,0.799367,0.000250,0.851336,0.246736,1,4
1_clip_006,218,0.799367,0.000250,0.851336,0.246736,19,4
1_clip_006,218,0.347672,0.257542,0.446711,0.660653,17,5
1_clip_006,218,0.347672,0.257542,0.446711,0.660653,10,5
1_clip_006,218,0.347672,0.257542,0.446711,0.660653,12,5
1_clip_006,218,0.347672,0.257542,0.446711,0.660653,14,5
1_clip_006,218,0.347672,0.257542,0.446711,0.660653,24,5
1_clip_006,218,0.347672,0.257542,0.446711,0.660653,6,5
1_clip_006,218,0.347672,0.257542,0.446711,0.660653,1,5
1_clip_006,218,0.347672,0.257542,0.446711,0.660653,19,5
1_clip_006,218,0.347672,0.257542,0.446711,0.660653,17,5
1_clip_006,218,0.347672,0.257542,0.446711,0.660653,10,5
1_clip_006,218,0.347672,0.257542,0.446711,0.660653,12,5
1_clip_006,218,0.347672,0.257542,0.446711,0.660653,14,5
1_clip_006,218,0.347672,0.257542,0.446711,0.660653,24,5
1_clip_006,218,0.347672,0.257542,0.446711,0.660653,6,5
1_clip_006,218,0.347672,0.257542,0.446711,0.660653,1,5
1_clip_006,218,0.347672,0.257542,0.446711,0.660653,19,5
1_clip_006,218,0.347672,0.257542,0.446711,0.660653,17,5
1_clip_006,218,0.347672,0.257542,0.446711,0.660653,10,5
1_clip_006,218,0.347672,0.257542,0.446711,0.660653,12,5
1_clip_006,218,0.347672,0.257542,0.446711,0.660653,14,5
1_clip_006,218,0.347672,0.257542,0.446711,0.660653,24,5
1_clip_006,218,0.347672,0.257542,0.446711,0.660653,6,5
1_clip_006,218,0.347672,0.257542,0.446711,0.660653,1,5
1_clip_006,218,0.347672,0.257542,0.446711,0.660653,19,5
1_clip_006,218,0.347672,0.257542,0.446711,0.660653,17,5
1_clip_006,218,0.347672,0.257542,0.446711,0.660653,10,5
1_clip_006,218,0.347672,0.257542,0.446711,0.660653,12,5
1_clip_006,218,0.347672,0.257542,0.446711,0.660653,14,5
1_clip_006,218,0.347672,0.257542,0.446711,0.660653,24,5
1_clip_006,218,0.347672,0.257542,0.446711,0.660653,6,5
1_clip_006,218,0.347672,0.257542,0.446711,0.660653,1,5
1_clip_006,218,0.347672,0.257542,0.446711,0.660653,19,5
1_clip_006,218,0.069141,0.842014,0.156031,0.999917,17,6
1_clip_006,218,0.069141,0.842014,0.156031,0.999917,10,6
1_clip_006,218,0.069141,0.842014,0.156031,0.999917,12,6
1_clip_006,218,0.069141,0.842014,0.156031,0.999917,14,6
1_clip_006,218,0.069141,0.842014,0.156031,0.999917,24,6
1_clip_006,218,0.069141,0.842014,0.156031,0.999917,6,6
1_clip_006,218,0.069141,0.842014,0.156031,0.999917,1,6
1_clip_006,218,0.069141,0.842014,0.156031,0.999917,19,6
1_clip_006,218,0.069141,0.842014,0.156031,0.999917,17,6
1_clip_006,218,0.069141,0.842014,0.156031,0.999917,10,6
1_clip_006,218,0.069141,0.842014,0.156031,0.999917,12,6
1_clip_006,218,0.069141,0.842014,0.156031,0.999917,14,6
1_clip_006,218,0.069141,0.842014,0.156031,0.999917,24,6
1_clip_006,218,0.069141,0.842014,0.156031,0.999917,6,6
1_clip_006,218,0.069141,0.842014,0.156031,0.999917,1,6
1_clip_006,218,0.069141,0.842014,0.156031,0.999917,19,6
1_clip_006,218,0.069141,0.842014,0.156031,0.999917,17,6
1_clip_006,218,0.069141,0.842014,0.156031,0.999917,10,6
1_clip_006,218,0.069141,0.842014,0.156031,0.999917,12,6
1_clip_006,218,0.069141,0.842014,0.156031,0.999917,14,6
1_clip_006,218,0.069141,0.842014,0.156031,0.999917,24,6
1_clip_006,218,0.069141,0.842014,0.156031,0.999917,6,6
1_clip_006,218,0.069141,0.842014,0.156031,0.999917,1,6
1_clip_006,218,0.069141,0.842014,0.156031,0.999917,19,6
1_clip_006,218,0.069141,0.842014,0.156031,0.999917,17,6
1_clip_006,218,0.069141,0.842014,0.156031,0.999917,10,6
1_clip_006,218,0.069141,0.842014,0.156031,0.999917,12,6
1_clip_006,218,0.069141,0.842014,0.156031,0.999917,14,6
1_clip_006,218,0.069141,0.842014,0.156031,0.999917,24,6
1_clip_006,218,0.069141,0.842014,0.156031,0.999917,6,6
1_clip_006,218,0.069141,0.842014,0.156031,0.999917,1,6
1_clip_006,218,0.069141,0.842014,0.156031,0.999917,19,6
1_clip_007,227,0.603352,0.210111,0.710828,0.578472,17,1
1_clip_007,227,0.603352,0.210111,0.710828,0.578472,10,1
1_clip_007,227,0.603352,0.210111,0.710828,0.578472,12,1
1_clip_007,227,0.603352,0.210111,0.710828,0.578472,14,1
1_clip_007,227,0.603352,0.210111,0.710828,0.578472,24,1
1_clip_007,227,0.603352,0.210111,0.710828,0.578472,6,1
1_clip_007,227,0.603352,0.210111,0.710828,0.578472,1,1
1_clip_007,227,0.603352,0.210111,0.710828,0.578472,19,1
1_clip_007,227,0.603352,0.210111,0.710828,0.578472,17,1
1_clip_007,227,0.603352,0.210111,0.710828,0.578472,10,1
1_clip_007,227,0.603352,0.210111,0.710828,0.578472,12,1
1_clip_007,227,0.603352,0.210111,0.710828,0.578472,14,1
1_clip_007,227,0.603352,0.210111,0.710828,0.578472,24,1
1_clip_007,227,0.603352,0.210111,0.710828,0.578472,6,1
1_clip_007,227,0.603352,0.210111,0.710828,0.578472,1,1
1_clip_007,227,0.603352,0.210111,0.710828,0.578472,19,1
1_clip_007,227,0.603352,0.210111,0.710828,0.578472,17,1
1_clip_007,227,0.603352,0.210111,0.710828,0.578472,10,1
1_clip_007,227,0.603352,0.210111,0.710828,0.578472,12,1
1_clip_007,227,0.603352,0.210111,0.710828,0.578472,14,1
1_clip_007,227,0.603352,0.210111,0.710828,0.578472,24,1
1_clip_007,227,0.603352,0.210111,0.710828,0.578472,6,1
1_clip_007,227,0.603352,0.210111,0.710828,0.578472,1,1
1_clip_007,227,0.603352,0.210111,0.710828,0.578472,19,1
1_clip_007,227,0.603352,0.210111,0.710828,0.578472,17,1
1_clip_007,227,0.603352,0.210111,0.710828,0.578472,10,1
1_clip_007,227,0.603352,0.210111,0.710828,0.578472,12,1
1_clip_007,227,0.603352,0.210111,0.710828,0.578472,14,1
1_clip_007,227,0.603352,0.210111,0.710828,0.578472,24,1
1_clip_007,227,0.603352,0.210111,0.710828,0.578472,6,1
1_clip_007,227,0.603352,0.210111,0.710828,0.578472,1,1
1_clip_007,227,0.603352,0.210111,0.710828,0.578472,19,1
1_clip_007,227,0.184375,0.358333,0.267148,0.764111,17,2
1_clip_007,227,0.184375,0.358333,0.267148,0.764111,10,2
1_clip_007,227,0.184375,0.358333,0.267148,0.764111,12,2
1_clip_007,227,0.184375,0.358333,0.267148,0.764111,14,2
1_clip_007,227,0.184375,0.358333,0.267148,0.764111,24,2
1_clip_007,227,0.184375,0.358333,0.267148,0.764111,6,2
1_clip_007,227,0.184375,0.358333,0.267148,0.764111,1,2
1_clip_007,227,0.184375,0.358333,0.267148,0.764111,19,2
1_clip_007,227,0.184375,0.358333,0.267148,0.764111,17,2
1_clip_007,227,0.184375,0.358333,0.267148,0.764111,10,2
1_clip_007,227,0.184375,0.358333,0.267148,0.764111,12,2
1_clip_007,227,0.184375,0.358333,0.267148,0.764111,14,2
1_clip_007,227,0.184375,0.358333,0.267148,0.764111,24,2
1_clip_007,227,0.184375,0.358333,0.267148,0.764111,6,2
1_clip_007,227,0.184375,0.358333,0.267148,0.764111,1,2
1_clip_007,227,0.184375,0.358333,0.267148,0.764111,19,2
1_clip_007,227,0.184375,0.358333,0.267148,0.764111,17,2
1_clip_007,227,0.184375,0.358333,0.267148,0.764111,10,2
1_clip_007,227,0.184375,0.358333,0.267148,0.764111,12,2
1_clip_007,227,0.184375,0.358333,0.267148,0.764111,14,2
1_clip_007,227,0.184375,0.358333,0.267148,0.764111,24,2
1_clip_007,227,0.184375,0.358333,0.267148,0.764111,6,2
1_clip_007,227,0.184375,0.358333,0.267148,0.764111,1,2
1_clip_007,227,0.184375,0.358333,0.267148,0.764111,19,2
1_clip_007,227,0.184375,0.358333,0.267148,0.764111,17,2
1_clip_007,227,0.184375,0.358333,0.267148,0.764111,10,2
1_clip_007,227,0.184375,0.358333,0.267148,0.764111,12,2
1_clip_007,227,0.184375,0.358333,0.267148,0.764111,14,2
1_clip_007,227,0.184375,0.358333,0.267148,0.764111,24,2
1_clip_007,227,0.184375,0.358333,0.267148,0.764111,6,2
1_clip_007,227,0.184375,0.358333,0.267148,0.764111,1,2
1_clip_007,227,0.184375,0.358333,0.267148,0.764111,19,2
1_clip_007,227,0.925406,0.000792,0.980359,0.299972,17,3
1_clip_007,227,0.925406,0.000792,0.980359,0.299972,10,3
1_clip_007,227,0.925406,0.000792,0.980359,0.299972,12,3
1_clip_007,227,0.925406,0.000792,0.980359,0.299972,14,3
1_clip_007,227,0.925406,0.000792,0.980359,0.299972,24,3
1_clip_007,227,0.925406,0.000792,0.980359,0.299972,6,3
1_clip_007,227,0.925406,0.000792,0.980359,0.299972,1,3
1_clip_007,227,0.925406,0.000792,0.980359,0.299972,19,3
1_clip_007,227,0.925406,0.000792,0.980359,0.299972,17,3
1_clip_007,227,0.925406,0.000792,0.980359,0.299972,10,3
1_clip_007,227,0.925406,0.000792,0.980359,0.299972,12,3
1_clip_007,227,0.925406,0.000792,0.980359,0.299972,14,3
1_clip_007,227,0.925406,0.000792,0.980359,0.299972,24,3
1_clip_007,227,0.925406,0.000792,0.980359,0.299972,6,3
1_clip_007,227,0.925406,0.000792,0.980359,0.299972,1,3
1_clip_007,227,0.925406,0.000792,0.980359,0.299972,19,3
1_clip_007,227,0.925406,0.000792,0.980359,0.299972,17,3
1_clip_007,227,0.925406,0.000792,0.980359,0.299972,10,3
1_clip_007,227,0.925406,0.000792,0.980359,0.299972,12,3
1_clip_007,227,0.925406,0.000792,0.980359,0.299972,14,3
1_clip_007,227,0.925406,0.000792,0.980359,0.299972,24,3
1_clip_007,227,0.925406,0.000792,0.980359,0.299972,6,3
1_clip_007,227,0.925406,0.000792,0.980359,0.299972,1,3
1_clip_007,227,0.925406,0.000792,0.980359,0.299972,19,3
1_clip_007,227,0.925406,0.000792,0.980359,0.299972,17,3
1_clip_007,227,0.925406,0.000792,0.980359,0.299972,10,3
1_clip_007,227,0.925406,0.000792,0.980359,0.299972,12,3
1_clip_007,227,0.925406,0.000792,0.980359,0.299972,14,3
1_clip_007,227,0.925406,0.000792,0.980359,0.299972,24,3
1_clip_007,227,0.925406,0.000792,0.980359,0.299972,6,3
1_clip_007,227,0.925406,0.000792,0.980359,0.299972,1,3
1_clip_007,227,0.925406,0.000792,0.980359,0.299972,19,3
1_clip_007,227,0.418922,0.255861,0.554680,0.654222,17,4
1_clip_007,227,0.418922,0.255861,0.554680,0.654222,10,4
1_clip_007,227,0.418922,0.255861,0.554680,0.654222,12,4
1_clip_007,227,0.418922,0.255861,0.554680,0.654222,14,4
1_clip_007,227,0.418922,0.255861,0.554680,0.654222,24,4
1_clip_007,227,0.418922,0.255861,0.554680,0.654222,6,4
1_clip_007,227,0.418922,0.255861,0.554680,0.654222,1,4
1_clip_007,227,0.418922,0.255861,0.554680,0.654222,19,4
1_clip_007,227,0.418922,0.255861,0.554680,0.654222,17,4
1_clip_007,227,0.418922,0.255861,0.554680,0.654222,10,4
1_clip_007,227,0.418922,0.255861,0.554680,0.654222,12,4
1_clip_007,227,0.418922,0.255861,0.554680,0.654222,14,4
1_clip_007,227,0.418922,0.255861,0.554680,0.654222,24,4
1_clip_007,227,0.418922,0.255861,0.554680,0.654222,6,4
1_clip_007,227,0.418922,0.255861,0.554680,0.654222,1,4
1_clip_007,227,0.418922,0.255861,0.554680,0.654222,19,4
1_clip_007,227,0.418922,0.255861,0.554680,0.654222,17,4
1_clip_007,227,0.418922,0.255861,0.554680,0.654222,10,4
1_clip_007,227,0.418922,0.255861,0.554680,0.654222,12,4
1_clip_007,227,0.418922,0.255861,0.554680,0.654222,14,4
1_clip_007,227,0.418922,0.255861,0.554680,0.654222,24,4
1_clip_007,227,0.418922,0.255861,0.554680,0.654222,6,4
1_clip_007,227,0.418922,0.255861,0.554680,0.654222,1,4
1_clip_007,227,0.418922,0.255861,0.554680,0.654222,19,4
1_clip_007,227,0.418922,0.255861,0.554680,0.654222,17,4
1_clip_007,227,0.418922,0.255861,0.554680,0.654222,10,4
1_clip_007,227,0.418922,0.255861,0.554680,0.654222,12,4
1_clip_007,227,0.418922,0.255861,0.554680,0.654222,14,4
1_clip_007,227,0.418922,0.255861,0.554680,0.654222,24,4
1_clip_007,227,0.418922,0.255861,0.554680,0.654222,6,4
1_clip_007,227,0.418922,0.255861,0.554680,0.654222,1,4
1_clip_007,227,0.418922,0.255861,0.554680,0.654222,19,4
1_clip_007,227,0.798695,0.000403,0.850273,0.238972,17,5
1_clip_007,227,0.798695,0.000403,0.850273,0.238972,10,5
1_clip_007,227,0.798695,0.000403,0.850273,0.238972,12,5
1_clip_007,227,0.798695,0.000403,0.850273,0.238972,14,5
1_clip_007,227,0.798695,0.000403,0.850273,0.238972,24,5
1_clip_007,227,0.798695,0.000403,0.850273,0.238972,6,5
1_clip_007,227,0.798695,0.000403,0.850273,0.238972,1,5
1_clip_007,227,0.798695,0.000403,0.850273,0.238972,19,5
1_clip_007,227,0.798695,0.000403,0.850273,0.238972,17,5
1_clip_007,227,0.798695,0.000403,0.850273,0.238972,10,5
1_clip_007,227,0.798695,0.000403,0.850273,0.238972,12,5
1_clip_007,227,0.798695,0.000403,0.850273,0.238972,14,5
1_clip_007,227,0.798695,0.000403,0.850273,0.238972,24,5
1_clip_007,227,0.798695,0.000403,0.850273,0.238972,6,5
1_clip_007,227,0.798695,0.000403,0.850273,0.238972,1,5
1_clip_007,227,0.798695,0.000403,0.850273,0.238972,19,5
1_clip_007,227,0.798695,0.000403,0.850273,0.238972,17,5
1_clip_007,227,0.798695,0.000403,0.850273,0.238972,10,5
1_clip_007,227,0.798695,0.000403,0.850273,0.238972,12,5
1_clip_007,227,0.798695,0.000403,0.850273,0.238972,14,5
1_clip_007,227,0.798695,0.000403,0.850273,0.238972,24,5
1_clip_007,227,0.798695,0.000403,0.850273,0.238972,6,5
1_clip_007,227,0.798695,0.000403,0.850273,0.238972,1,5
1_clip_007,227,0.798695,0.000403,0.850273,0.238972,19,5
1_clip_007,227,0.798695,0.000403,0.850273,0.238972,17,5
1_clip_007,227,0.798695,0.000403,0.850273,0.238972,10,5
1_clip_007,227,0.798695,0.000403,0.850273,0.238972,12,5
1_clip_007,227,0.798695,0.000403,0.850273,0.238972,14,5
1_clip_007,227,0.798695,0.000403,0.850273,0.238972,24,5
1_clip_007,227,0.798695,0.000403,0.850273,0.238972,6,5
1_clip_007,227,0.798695,0.000403,0.850273,0.238972,1,5
1_clip_007,227,0.798695,0.000403,0.850273,0.238972,19,5
1_clip_007,227,0.609727,-0.000069,0.633172,0.100306,17,6
1_clip_007,227,0.609727,-0.000069,0.633172,0.100306,10,6
1_clip_007,227,0.609727,-0.000069,0.633172,0.100306,12,6
1_clip_007,227,0.609727,-0.000069,0.633172,0.100306,14,6
1_clip_007,227,0.609727,-0.000069,0.633172,0.100306,24,6
1_clip_007,227,0.609727,-0.000069,0.633172,0.100306,6,6
1_clip_007,227,0.609727,-0.000069,0.633172,0.100306,1,6
1_clip_007,227,0.609727,-0.000069,0.633172,0.100306,19,6
1_clip_007,227,0.609727,-0.000069,0.633172,0.100306,17,6
1_clip_007,227,0.609727,-0.000069,0.633172,0.100306,10,6
1_clip_007,227,0.609727,-0.000069,0.633172,0.100306,12,6
1_clip_007,227,0.609727,-0.000069,0.633172,0.100306,14,6
1_clip_007,227,0.609727,-0.000069,0.633172,0.100306,24,6
1_clip_007,227,0.609727,-0.000069,0.633172,0.100306,6,6
1_clip_007,227,0.609727,-0.000069,0.633172,0.100306,1,6
1_clip_007,227,0.609727,-0.000069,0.633172,0.100306,19,6
1_clip_007,227,0.609727,-0.000069,0.633172,0.100306,17,6
1_clip_007,227,0.609727,-0.000069,0.633172,0.100306,10,6
1_clip_007,227,0.609727,-0.000069,0.633172,0.100306,12,6
1_clip_007,227,0.609727,-0.000069,0.633172,0.100306,14,6
1_clip_007,227,0.609727,-0.000069,0.633172,0.100306,24,6
1_clip_007,227,0.609727,-0.000069,0.633172,0.100306,6,6
1_clip_007,227,0.609727,-0.000069,0.633172,0.100306,1,6
1_clip_007,227,0.609727,-0.000069,0.633172,0.100306,19,6
1_clip_007,227,0.609727,-0.000069,0.633172,0.100306,17,6
1_clip_007,227,0.609727,-0.000069,0.633172,0.100306,10,6
1_clip_007,227,0.609727,-0.000069,0.633172,0.100306,12,6
1_clip_007,227,0.609727,-0.000069,0.633172,0.100306,14,6
1_clip_007,227,0.609727,-0.000069,0.633172,0.100306,24,6
1_clip_007,227,0.609727,-0.000069,0.633172,0.100306,6,6
1_clip_007,227,0.609727,-0.000069,0.633172,0.100306,1,6
1_clip_007,227,0.609727,-0.000069,0.633172,0.100306,19,6
1_clip_008,167,0.499227,0.206028,0.568477,0.612861,17,1
1_clip_008,167,0.499227,0.206028,0.568477,0.612861,10,1
1_clip_008,167,0.499227,0.206028,0.568477,0.612861,12,1
1_clip_008,167,0.499227,0.206028,0.568477,0.612861,14,1
1_clip_008,167,0.499227,0.206028,0.568477,0.612861,24,1
1_clip_008,167,0.499227,0.206028,0.568477,0.612861,6,1
1_clip_008,167,0.499227,0.206028,0.568477,0.612861,1,1
1_clip_008,167,0.499227,0.206028,0.568477,0.612861,19,1
1_clip_008,167,0.499227,0.206028,0.568477,0.612861,17,1
1_clip_008,167,0.499227,0.206028,0.568477,0.612861,10,1
1_clip_008,167,0.499227,0.206028,0.568477,0.612861,12,1
1_clip_008,167,0.499227,0.206028,0.568477,0.612861,14,1
1_clip_008,167,0.499227,0.206028,0.568477,0.612861,24,1
1_clip_008,167,0.499227,0.206028,0.568477,0.612861,6,1
1_clip_008,167,0.499227,0.206028,0.568477,0.612861,1,1
1_clip_008,167,0.499227,0.206028,0.568477,0.612861,19,1
1_clip_008,167,0.499227,0.206028,0.568477,0.612861,17,1
1_clip_008,167,0.499227,0.206028,0.568477,0.612861,10,1
1_clip_008,167,0.499227,0.206028,0.568477,0.612861,12,1
1_clip_008,167,0.499227,0.206028,0.568477,0.612861,14,1
1_clip_008,167,0.499227,0.206028,0.568477,0.612861,24,1
1_clip_008,167,0.499227,0.206028,0.568477,0.612861,6,1
1_clip_008,167,0.499227,0.206028,0.568477,0.612861,1,1
1_clip_008,167,0.499227,0.206028,0.568477,0.612861,19,1
1_clip_008,167,0.499227,0.206028,0.568477,0.612861,17,1
1_clip_008,167,0.499227,0.206028,0.568477,0.612861,10,1
1_clip_008,167,0.499227,0.206028,0.568477,0.612861,12,1
1_clip_008,167,0.499227,0.206028,0.568477,0.612861,14,1
1_clip_008,167,0.499227,0.206028,0.568477,0.612861,24,1
1_clip_008,167,0.499227,0.206028,0.568477,0.612861,6,1
1_clip_008,167,0.499227,0.206028,0.568477,0.612861,1,1
1_clip_008,167,0.499227,0.206028,0.568477,0.612861,19,1
1_clip_008,167,0.369477,0.605306,0.463578,0.997417,17,2
1_clip_008,167,0.369477,0.605306,0.463578,0.997417,10,2
1_clip_008,167,0.369477,0.605306,0.463578,0.997417,12,2
1_clip_008,167,0.369477,0.605306,0.463578,0.997417,14,2
1_clip_008,167,0.369477,0.605306,0.463578,0.997417,24,2
1_clip_008,167,0.369477,0.605306,0.463578,0.997417,6,2
1_clip_008,167,0.369477,0.605306,0.463578,0.997417,1,2
1_clip_008,167,0.369477,0.605306,0.463578,0.997417,19,2
1_clip_008,167,0.369477,0.605306,0.463578,0.997417,17,2
1_clip_008,167,0.369477,0.605306,0.463578,0.997417,10,2
1_clip_008,167,0.369477,0.605306,0.463578,0.997417,12,2
1_clip_008,167,0.369477,0.605306,0.463578,0.997417,14,2
1_clip_008,167,0.369477,0.605306,0.463578,0.997417,24,2
1_clip_008,167,0.369477,0.605306,0.463578,0.997417,6,2
1_clip_008,167,0.369477,0.605306,0.463578,0.997417,1,2
1_clip_008,167,0.369477,0.605306,0.463578,0.997417,19,2
1_clip_008,167,0.369477,0.605306,0.463578,0.997417,17,2
1_clip_008,167,0.369477,0.605306,0.463578,0.997417,10,2
1_clip_008,167,0.369477,0.605306,0.463578,0.997417,12,2
1_clip_008,167,0.369477,0.605306,0.463578,0.997417,14,2
1_clip_008,167,0.369477,0.605306,0.463578,0.997417,24,2
1_clip_008,167,0.369477,0.605306,0.463578,0.997417,6,2
1_clip_008,167,0.369477,0.605306,0.463578,0.997417,1,2
1_clip_008,167,0.369477,0.605306,0.463578,0.997417,19,2
1_clip_008,167,0.369477,0.605306,0.463578,0.997417,17,2
1_clip_008,167,0.369477,0.605306,0.463578,0.997417,10,2
1_clip_008,167,0.369477,0.605306,0.463578,0.997417,12,2
1_clip_008,167,0.369477,0.605306,0.463578,0.997417,14,2
1_clip_008,167,0.369477,0.605306,0.463578,0.997417,24,2
1_clip_008,167,0.369477,0.605306,0.463578,0.997417,6,2
1_clip_008,167,0.369477,0.605306,0.463578,0.997417,1,2
1_clip_008,167,0.369477,0.605306,0.463578,0.997417,19,2
1_clip_008,167,0.657438,0.210250,0.708906,0.588778,17,3
1_clip_008,167,0.657438,0.210250,0.708906,0.588778,10,3
1_clip_008,167,0.657438,0.210250,0.708906,0.588778,12,3
1_clip_008,167,0.657438,0.210250,0.708906,0.588778,14,3
1_clip_008,167,0.657438,0.210250,0.708906,0.588778,24,3
1_clip_008,167,0.657438,0.210250,0.708906,0.588778,6,3
1_clip_008,167,0.657438,0.210250,0.708906,0.588778,1,3
1_clip_008,167,0.657438,0.210250,0.708906,0.588778,19,3
1_clip_008,167,0.657438,0.210250,0.708906,0.588778,17,3
1_clip_008,167,0.657438,0.210250,0.708906,0.588778,10,3
1_clip_008,167,0.657438,0.210250,0.708906,0.588778,12,3
1_clip_008,167,0.657438,0.210250,0.708906,0.588778,14,3
1_clip_008,167,0.657438,0.210250,0.708906,0.588778,24,3
1_clip_008,167,0.657438,0.210250,0.708906,0.588778,6,3
1_clip_008,167,0.657438,0.210250,0.708906,0.588778,1,3
1_clip_008,167,0.657438,0.210250,0.708906,0.588778,19,3
1_clip_008,167,0.657438,0.210250,0.708906,0.588778,17,3
1_clip_008,167,0.657438,0.210250,0.708906,0.588778,10,3
1_clip_008,167,0.657438,0.210250,0.708906,0.588778,12,3
1_clip_008,167,0.657438,0.210250,0.708906,0.588778,14,3
1_clip_008,167,0.657438,0.210250,0.708906,0.588778,24,3
1_clip_008,167,0.657438,0.210250,0.708906,0.588778,6,3
1_clip_008,167,0.657438,0.210250,0.708906,0.588778,1,3
1_clip_008,167,0.657438,0.210250,0.708906,0.588778,19,3
1_clip_008,167,0.657438,0.210250,0.708906,0.588778,17,3
1_clip_008,167,0.657438,0.210250,0.708906,0.588778,10,3
1_clip_008,167,0.657438,0.210250,0.708906,0.588778,12,3
1_clip_008,167,0.657438,0.210250,0.708906,0.588778,14,3
1_clip_008,167,0.657438,0.210250,0.708906,0.588778,24,3
1_clip_008,167,0.657438,0.210250,0.708906,0.588778,6,3
1_clip_008,167,0.657438,0.210250,0.708906,0.588778,1,3
1_clip_008,167,0.657438,0.210250,0.708906,0.588778,19,3
1_clip_008,167,0.921531,0.000583,0.978086,0.300139,17,4
1_clip_008,167,0.921531,0.000583,0.978086,0.300139,10,4
1_clip_008,167,0.921531,0.000583,0.978086,0.300139,12,4
1_clip_008,167,0.921531,0.000583,0.978086,0.300139,14,4
1_clip_008,167,0.921531,0.000583,0.978086,0.300139,24,4
1_clip_008,167,0.921531,0.000583,0.978086,0.300139,6,4
1_clip_008,167,0.921531,0.000583,0.978086,0.300139,1,4
1_clip_008,167,0.921531,0.000583,0.978086,0.300139,19,4
1_clip_008,167,0.921531,0.000583,0.978086,0.300139,17,4
1_clip_008,167,0.921531,0.000583,0.978086,0.300139,10,4
1_clip_008,167,0.921531,0.000583,0.978086,0.300139,12,4
1_clip_008,167,0.921531,0.000583,0.978086,0.300139,14,4
1_clip_008,167,0.921531,0.000583,0.978086,0.300139,24,4
1_clip_008,167,0.921531,0.000583,0.978086,0.300139,6,4
1_clip_008,167,0.921531,0.000583,0.978086,0.300139,1,4
1_clip_008,167,0.921531,0.000583,0.978086,0.300139,19,4
1_clip_008,167,0.921531,0.000583,0.978086,0.300139,17,4
1_clip_008,167,0.921531,0.000583,0.978086,0.300139,10,4
1_clip_008,167,0.921531,0.000583,0.978086,0.300139,12,4
1_clip_008,167,0.921531,0.000583,0.978086,0.300139,14,4
1_clip_008,167,0.921531,0.000583,0.978086,0.300139,24,4
1_clip_008,167,0.921531,0.000583,0.978086,0.300139,6,4
1_clip_008,167,0.921531,0.000583,0.978086,0.300139,1,4
1_clip_008,167,0.921531,0.000583,0.978086,0.300139,19,4
1_clip_008,167,0.921531,0.000583,0.978086,0.300139,17,4
1_clip_008,167,0.921531,0.000583,0.978086,0.300139,10,4
1_clip_008,167,0.921531,0.000583,0.978086,0.300139,12,4
1_clip_008,167,0.921531,0.000583,0.978086,0.300139,14,4
1_clip_008,167,0.921531,0.000583,0.978086,0.300139,24,4
1_clip_008,167,0.921531,0.000583,0.978086,0.300139,6,4
1_clip_008,167,0.921531,0.000583,0.978086,0.300139,1,4
1_clip_008,167,0.921531,0.000583,0.978086,0.300139,19,4
1_clip_008,167,0.799344,0.000431,0.851922,0.248056,17,5
1_clip_008,167,0.799344,0.000431,0.851922,0.248056,10,5
1_clip_008,167,0.799344,0.000431,0.851922,0.248056,12,5
1_clip_008,167,0.799344,0.000431,0.851922,0.248056,14,5
1_clip_008,167,0.799344,0.000431,0.851922,0.248056,24,5
1_clip_008,167,0.799344,0.000431,0.851922,0.248056,6,5
1_clip_008,167,0.799344,0.000431,0.851922,0.248056,1,5
1_clip_008,167,0.799344,0.000431,0.851922,0.248056,19,5
1_clip_008,167,0.799344,0.000431,0.851922,0.248056,17,5
1_clip_008,167,0.799344,0.000431,0.851922,0.248056,10,5
1_clip_008,167,0.799344,0.000431,0.851922,0.248056,12,5
1_clip_008,167,0.799344,0.000431,0.851922,0.248056,14,5
1_clip_008,167,0.799344,0.000431,0.851922,0.248056,24,5
1_clip_008,167,0.799344,0.000431,0.851922,0.248056,6,5
1_clip_008,167,0.799344,0.000431,0.851922,0.248056,1,5
1_clip_008,167,0.799344,0.000431,0.851922,0.248056,19,5
1_clip_008,167,0.799344,0.000431,0.851922,0.248056,17,5
1_clip_008,167,0.799344,0.000431,0.851922,0.248056,10,5
1_clip_008,167,0.799344,0.000431,0.851922,0.248056,12,5
1_clip_008,167,0.799344,0.000431,0.851922,0.248056,14,5
1_clip_008,167,0.799344,0.000431,0.851922,0.248056,24,5
1_clip_008,167,0.799344,0.000431,0.851922,0.248056,6,5
1_clip_008,167,0.799344,0.000431,0.851922,0.248056,1,5
1_clip_008,167,0.799344,0.000431,0.851922,0.248056,19,5
1_clip_008,167,0.799344,0.000431,0.851922,0.248056,17,5
1_clip_008,167,0.799344,0.000431,0.851922,0.248056,10,5
1_clip_008,167,0.799344,0.000431,0.851922,0.248056,12,5
1_clip_008,167,0.799344,0.000431,0.851922,0.248056,14,5
1_clip_008,167,0.799344,0.000431,0.851922,0.248056,24,5
1_clip_008,167,0.799344,0.000431,0.851922,0.248056,6,5
1_clip_008,167,0.799344,0.000431,0.851922,0.248056,1,5
1_clip_008,167,0.799344,0.000431,0.851922,0.248056,19,5
1_clip_008,167,0.173875,0.000625,0.215008,0.160250,17,6
1_clip_008,167,0.173875,0.000625,0.215008,0.160250,10,6
1_clip_008,167,0.173875,0.000625,0.215008,0.160250,12,6
1_clip_008,167,0.173875,0.000625,0.215008,0.160250,14,6
1_clip_008,167,0.173875,0.000625,0.215008,0.160250,24,6
1_clip_008,167,0.173875,0.000625,0.215008,0.160250,6,6
1_clip_008,167,0.173875,0.000625,0.215008,0.160250,1,6
1_clip_008,167,0.173875,0.000625,0.215008,0.160250,19,6
1_clip_008,167,0.173875,0.000625,0.215008,0.160250,17,6
1_clip_008,167,0.173875,0.000625,0.215008,0.160250,10,6
1_clip_008,167,0.173875,0.000625,0.215008,0.160250,12,6
1_clip_008,167,0.173875,0.000625,0.215008,0.160250,14,6
1_clip_008,167,0.173875,0.000625,0.215008,0.160250,24,6
1_clip_008,167,0.173875,0.000625,0.215008,0.160250,6,6
1_clip_008,167,0.173875,0.000625,0.215008,0.160250,1,6
1_clip_008,167,0.173875,0.000625,0.215008,0.160250,19,6
1_clip_008,167,0.173875,0.000625,0.215008,0.160250,17,6
1_clip_008,167,0.173875,0.000625,0.215008,0.160250,10,6
1_clip_008,167,0.173875,0.000625,0.215008,0.160250,12,6
1_clip_008,167,0.173875,0.000625,0.215008,0.160250,14,6
1_clip_008,167,0.173875,0.000625,0.215008,0.160250,24,6
1_clip_008,167,0.173875,0.000625,0.215008,0.160250,6,6
1_clip_008,167,0.173875,0.000625,0.215008,0.160250,1,6
1_clip_008,167,0.173875,0.000625,0.215008,0.160250,19,6
1_clip_008,167,0.173875,0.000625,0.215008,0.160250,17,6
1_clip_008,167,0.173875,0.000625,0.215008,0.160250,10,6
1_clip_008,167,0.173875,0.000625,0.215008,0.160250,12,6
1_clip_008,167,0.173875,0.000625,0.215008,0.160250,14,6
1_clip_008,167,0.173875,0.000625,0.215008,0.160250,24,6
1_clip_008,167,0.173875,0.000625,0.215008,0.160250,6,6
1_clip_008,167,0.173875,0.000625,0.215008,0.160250,1,6
1_clip_008,167,0.173875,0.000625,0.215008,0.160250,19,6
1_clip_009,197,0.421891,0.140403,0.510383,0.521056,17,1
1_clip_009,197,0.421891,0.140403,0.510383,0.521056,10,1
1_clip_009,197,0.421891,0.140403,0.510383,0.521056,12,1
1_clip_009,197,0.421891,0.140403,0.510383,0.521056,14,1
1_clip_009,197,0.421891,0.140403,0.510383,0.521056,24,1
1_clip_009,197,0.421891,0.140403,0.510383,0.521056,6,1
1_clip_009,197,0.421891,0.140403,0.510383,0.521056,1,1
1_clip_009,197,0.421891,0.140403,0.510383,0.521056,19,1
1_clip_009,197,0.421891,0.140403,0.510383,0.521056,17,1
1_clip_009,197,0.421891,0.140403,0.510383,0.521056,10,1
1_clip_009,197,0.421891,0.140403,0.510383,0.521056,12,1
1_clip_009,197,0.421891,0.140403,0.510383,0.521056,14,1
1_clip_009,197,0.421891,0.140403,0.510383,0.521056,24,1
1_clip_009,197,0.421891,0.140403,0.510383,0.521056,6,1
1_clip_009,197,0.421891,0.140403,0.510383,0.521056,1,1
1_clip_009,197,0.421891,0.140403,0.510383,0.521056,19,1
1_clip_009,197,0.421891,0.140403,0.510383,0.521056,17,1
1_clip_009,197,0.421891,0.140403,0.510383,0.521056,10,1
1_clip_009,197,0.421891,0.140403,0.510383,0.521056,12,1
1_clip_009,197,0.421891,0.140403,0.510383,0.521056,14,1
1_clip_009,197,0.421891,0.140403,0.510383,0.521056,24,1
1_clip_009,197,0.421891,0.140403,0.510383,0.521056,6,1
1_clip_009,197,0.421891,0.140403,0.510383,0.521056,1,1
1_clip_009,197,0.421891,0.140403,0.510383,0.521056,19,1
1_clip_009,197,0.421891,0.140403,0.510383,0.521056,17,1
1_clip_009,197,0.421891,0.140403,0.510383,0.521056,10,1
1_clip_009,197,0.421891,0.140403,0.510383,0.521056,12,1
1_clip_009,197,0.421891,0.140403,0.510383,0.521056,14,1
1_clip_009,197,0.421891,0.140403,0.510383,0.521056,24,1
1_clip_009,197,0.421891,0.140403,0.510383,0.521056,6,1
1_clip_009,197,0.421891,0.140403,0.510383,0.521056,1,1
1_clip_009,197,0.421891,0.140403,0.510383,0.521056,19,1
1_clip_009,197,0.913711,0.000361,0.973672,0.294028,17,2
1_clip_009,197,0.913711,0.000361,0.973672,0.294028,10,2
1_clip_009,197,0.913711,0.000361,0.973672,0.294028,12,2
1_clip_009,197,0.913711,0.000361,0.973672,0.294028,14,2
1_clip_009,197,0.913711,0.000361,0.973672,0.294028,24,2
1_clip_009,197,0.913711,0.000361,0.973672,0.294028,6,2
1_clip_009,197,0.913711,0.000361,0.973672,0.294028,1,2
1_clip_009,197,0.913711,0.000361,0.973672,0.294028,19,2
1_clip_009,197,0.913711,0.000361,0.973672,0.294028,17,2
1_clip_009,197,0.913711,0.000361,0.973672,0.294028,10,2
1_clip_009,197,0.913711,0.000361,0.973672,0.294028,12,2
1_clip_009,197,0.913711,0.000361,0.973672,0.294028,14,2
1_clip_009,197,0.913711,0.000361,0.973672,0.294028,24,2
1_clip_009,197,0.913711,0.000361,0.973672,0.294028,6,2
1_clip_009,197,0.913711,0.000361,0.973672,0.294028,1,2
1_clip_009,197,0.913711,0.000361,0.973672,0.294028,19,2
1_clip_009,197,0.913711,0.000361,0.973672,0.294028,17,2
1_clip_009,197,0.913711,0.000361,0.973672,0.294028,10,2
1_clip_009,197,0.913711,0.000361,0.973672,0.294028,12,2
1_clip_009,197,0.913711,0.000361,0.973672,0.294028,14,2
1_clip_009,197,0.913711,0.000361,0.973672,0.294028,24,2
1_clip_009,197,0.913711,0.000361,0.973672,0.294028,6,2
1_clip_009,197,0.913711,0.000361,0.973672,0.294028,1,2
1_clip_009,197,0.913711,0.000361,0.973672,0.294028,19,2
1_clip_009,197,0.913711,0.000361,0.973672,0.294028,17,2
1_clip_009,197,0.913711,0.000361,0.973672,0.294028,10,2
1_clip_009,197,0.913711,0.000361,0.973672,0.294028,12,2
1_clip_009,197,0.913711,0.000361,0.973672,0.294028,14,2
1_clip_009,197,0.913711,0.000361,0.973672,0.294028,24,2
1_clip_009,197,0.913711,0.000361,0.973672,0.294028,6,2
1_clip_009,197,0.913711,0.000361,0.973672,0.294028,1,2
1_clip_009,197,0.913711,0.000361,0.973672,0.294028,19,2
1_clip_009,197,0.253688,-0.000056,0.304367,0.187417,17,3
1_clip_009,197,0.253688,-0.000056,0.304367,0.187417,10,3
1_clip_009,197,0.253688,-0.000056,0.304367,0.187417,12,3
1_clip_009,197,0.253688,-0.000056,0.304367,0.187417,14,3
1_clip_009,197,0.253688,-0.000056,0.304367,0.187417,24,3
1_clip_009,197,0.253688,-0.000056,0.304367,0.187417,6,3
1_clip_009,197,0.253688,-0.000056,0.304367,0.187417,1,3
1_clip_009,197,0.253688,-0.000056,0.304367,0.187417,19,3
1_clip_009,197,0.253688,-0.000056,0.304367,0.187417,17,3
1_clip_009,197,0.253688,-0.000056,0.304367,0.187417,10,3
1_clip_009,197,0.253688,-0.000056,0.304367,0.187417,12,3
1_clip_009,197,0.253688,-0.000056,0.304367,0.187417,14,3
1_clip_009,197,0.253688,-0.000056,0.304367,0.187417,24,3
1_clip_009,197,0.253688,-0.000056,0.304367,0.187417,6,3
1_clip_009,197,0.253688,-0.000056,0.304367,0.187417,1,3
1_clip_009,197,0.253688,-0.000056,0.304367,0.187417,19,3
1_clip_009,197,0.253688,-0.000056,0.304367,0.187417,17,3
1_clip_009,197,0.253688,-0.000056,0.304367,0.187417,10,3
1_clip_009,197,0.253688,-0.000056,0.304367,0.187417,12,3
1_clip_009,197,0.253688,-0.000056,0.304367,0.187417,14,3
1_clip_009,197,0.253688,-0.000056,0.304367,0.187417,24,3
1_clip_009,197,0.253688,-0.000056,0.304367,0.187417,6,3
1_clip_009,197,0.253688,-0.000056,0.304367,0.187417,1,3
1_clip_009,197,0.253688,-0.000056,0.304367,0.187417,19,3
1_clip_009,197,0.253688,-0.000056,0.304367,0.187417,17,3
1_clip_009,197,0.253688,-0.000056,0.304367,0.187417,10,3
1_clip_009,197,0.253688,-0.000056,0.304367,0.187417,12,3
1_clip_009,197,0.253688,-0.000056,0.304367,0.187417,14,3
1_clip_009,197,0.253688,-0.000056,0.304367,0.187417,24,3
1_clip_009,197,0.253688,-0.000056,0.304367,0.187417,6,3
1_clip_009,197,0.253688,-0.000056,0.304367,0.187417,1,3
1_clip_009,197,0.253688,-0.000056,0.304367,0.187417,19,3
1_clip_009,197,0.166242,0.306917,0.232187,0.705403,17,4
1_clip_009,197,0.166242,0.306917,0.232187,0.705403,10,4
1_clip_009,197,0.166242,0.306917,0.232187,0.705403,12,4
1_clip_009,197,0.166242,0.306917,0.232187,0.705403,14,4
1_clip_009,197,0.166242,0.306917,0.232187,0.705403,24,4
1_clip_009,197,0.166242,0.306917,0.232187,0.705403,6,4
1_clip_009,197,0.166242,0.306917,0.232187,0.705403,1,4
1_clip_009,197,0.166242,0.306917,0.232187,0.705403,19,4
1_clip_009,197,0.166242,0.306917,0.232187,0.705403,17,4
1_clip_009,197,0.166242,0.306917,0.232187,0.705403,10,4
1_clip_009,197,0.166242,0.306917,0.232187,0.705403,12,4
1_clip_009,197,0.166242,0.306917,0.232187,0.705403,14,4
1_clip_009,197,0.166242,0.306917,0.232187,0.705403,24,4
1_clip_009,197,0.166242,0.306917,0.232187,0.705403,6,4
1_clip_009,197,0.166242,0.306917,0.232187,0.705403,1,4
1_clip_009,197,0.166242,0.306917,0.232187,0.705403,19,4
1_clip_009,197,0.166242,0.306917,0.232187,0.705403,17,4
1_clip_009,197,0.166242,0.306917,0.232187,0.705403,10,4
1_clip_009,197,0.166242,0.306917,0.232187,0.705403,12,4
1_clip_009,197,0.166242,0.306917,0.232187,0.705403,14,4
1_clip_009,197,0.166242,0.306917,0.232187,0.705403,24,4
1_clip_009,197,0.166242,0.306917,0.232187,0.705403,6,4
1_clip_009,197,0.166242,0.306917,0.232187,0.705403,1,4
1_clip_009,197,0.166242,0.306917,0.232187,0.705403,19,4
1_clip_009,197,0.166242,0.306917,0.232187,0.705403,17,4
1_clip_009,197,0.166242,0.306917,0.232187,0.705403,10,4
1_clip_009,197,0.166242,0.306917,0.232187,0.705403,12,4
1_clip_009,197,0.166242,0.306917,0.232187,0.705403,14,4
1_clip_009,197,0.166242,0.306917,0.232187,0.705403,24,4
1_clip_009,197,0.166242,0.306917,0.232187,0.705403,6,4
1_clip_009,197,0.166242,0.306917,0.232187,0.705403,1,4
1_clip_009,197,0.166242,0.306917,0.232187,0.705403,19,4
1_clip_009,197,0.803617,0.000028,0.847359,0.225153,17,5
1_clip_009,197,0.803617,0.000028,0.847359,0.225153,10,5
1_clip_009,197,0.803617,0.000028,0.847359,0.225153,12,5
1_clip_009,197,0.803617,0.000028,0.847359,0.225153,14,5
1_clip_009,197,0.803617,0.000028,0.847359,0.225153,24,5
1_clip_009,197,0.803617,0.000028,0.847359,0.225153,6,5
1_clip_009,197,0.803617,0.000028,0.847359,0.225153,1,5
1_clip_009,197,0.803617,0.000028,0.847359,0.225153,19,5
1_clip_009,197,0.803617,0.000028,0.847359,0.225153,17,5
1_clip_009,197,0.803617,0.000028,0.847359,0.225153,10,5
1_clip_009,197,0.803617,0.000028,0.847359,0.225153,12,5
1_clip_009,197,0.803617,0.000028,0.847359,0.225153,14,5
1_clip_009,197,0.803617,0.000028,0.847359,0.225153,24,5
1_clip_009,197,0.803617,0.000028,0.847359,0.225153,6,5
1_clip_009,197,0.803617,0.000028,0.847359,0.225153,1,5
1_clip_009,197,0.803617,0.000028,0.847359,0.225153,19,5
1_clip_009,197,0.803617,0.000028,0.847359,0.225153,17,5
1_clip_009,197,0.803617,0.000028,0.847359,0.225153,10,5
1_clip_009,197,0.803617,0.000028,0.847359,0.225153,12,5
1_clip_009,197,0.803617,0.000028,0.847359,0.225153,14,5
1_clip_009,197,0.803617,0.000028,0.847359,0.225153,24,5
1_clip_009,197,0.803617,0.000028,0.847359,0.225153,6,5
1_clip_009,197,0.803617,0.000028,0.847359,0.225153,1,5
1_clip_009,197,0.803617,0.000028,0.847359,0.225153,19,5
1_clip_009,197,0.803617,0.000028,0.847359,0.225153,17,5
1_clip_009,197,0.803617,0.000028,0.847359,0.225153,10,5
1_clip_009,197,0.803617,0.000028,0.847359,0.225153,12,5
1_clip_009,197,0.803617,0.000028,0.847359,0.225153,14,5
1_clip_009,197,0.803617,0.000028,0.847359,0.225153,24,5
1_clip_009,197,0.803617,0.000028,0.847359,0.225153,6,5
1_clip_009,197,0.803617,0.000028,0.847359,0.225153,1,5
1_clip_009,197,0.803617,0.000028,0.847359,0.225153,19,5
1_clip_009,197,0.383953,0.293139,0.482703,0.528292,17,6
1_clip_009,197,0.383953,0.293139,0.482703,0.528292,10,6
1_clip_009,197,0.383953,0.293139,0.482703,0.528292,12,6
1_clip_009,197,0.383953,0.293139,0.482703,0.528292,14,6
1_clip_009,197,0.383953,0.293139,0.482703,0.528292,24,6
1_clip_009,197,0.383953,0.293139,0.482703,0.528292,6,6
1_clip_009,197,0.383953,0.293139,0.482703,0.528292,1,6
1_clip_009,197,0.383953,0.293139,0.482703,0.528292,19,6
1_clip_009,197,0.383953,0.293139,0.482703,0.528292,17,6
1_clip_009,197,0.383953,0.293139,0.482703,0.528292,10,6
1_clip_009,197,0.383953,0.293139,0.482703,0.528292,12,6
1_clip_009,197,0.383953,0.293139,0.482703,0.528292,14,6
1_clip_009,197,0.383953,0.293139,0.482703,0.528292,24,6
1_clip_009,197,0.383953,0.293139,0.482703,0.528292,6,6
1_clip_009,197,0.383953,0.293139,0.482703,0.528292,1,6
1_clip_009,197,0.383953,0.293139,0.482703,0.528292,19,6
1_clip_009,197,0.383953,0.293139,0.482703,0.528292,17,6
1_clip_009,197,0.383953,0.293139,0.482703,0.528292,10,6
1_clip_009,197,0.383953,0.293139,0.482703,0.528292,12,6
1_clip_009,197,0.383953,0.293139,0.482703,0.528292,14,6
1_clip_009,197,0.383953,0.293139,0.482703,0.528292,24,6
1_clip_009,197,0.383953,0.293139,0.482703,0.528292,6,6
1_clip_009,197,0.383953,0.293139,0.482703,0.528292,1,6
1_clip_009,197,0.383953,0.293139,0.482703,0.528292,19,6
1_clip_009,197,0.383953,0.293139,0.482703,0.528292,17,6
1_clip_009,197,0.383953,0.293139,0.482703,0.528292,10,6
1_clip_009,197,0.383953,0.293139,0.482703,0.528292,12,6
1_clip_009,197,0.383953,0.293139,0.482703,0.528292,14,6
1_clip_009,197,0.383953,0.293139,0.482703,0.528292,24,6
1_clip_009,197,0.383953,0.293139,0.482703,0.528292,6,6
1_clip_009,197,0.383953,0.293139,0.482703,0.528292,1,6
1_clip_009,197,0.383953,0.293139,0.482703,0.528292,19,6
1_clip_010,206,0.450000,0.192750,0.542180,0.575653,17,1
1_clip_010,206,0.450000,0.192750,0.542180,0.575653,10,1
1_clip_010,206,0.450000,0.192750,0.542180,0.575653,12,1
1_clip_010,206,0.450000,0.192750,0.542180,0.575653,14,1
1_clip_010,206,0.450000,0.192750,0.542180,0.575653,24,1
1_clip_010,206,0.450000,0.192750,0.542180,0.575653,6,1
1_clip_010,206,0.450000,0.192750,0.542180,0.575653,1,1
1_clip_010,206,0.450000,0.192750,0.542180,0.575653,19,1
1_clip_010,206,0.450000,0.192750,0.542180,0.575653,17,1
1_clip_010,206,0.450000,0.192750,0.542180,0.575653,10,1
1_clip_010,206,0.450000,0.192750,0.542180,0.575653,12,1
1_clip_010,206,0.450000,0.192750,0.542180,0.575653,14,1
1_clip_010,206,0.450000,0.192750,0.542180,0.575653,24,1
1_clip_010,206,0.450000,0.192750,0.542180,0.575653,6,1
1_clip_010,206,0.450000,0.192750,0.542180,0.575653,1,1
1_clip_010,206,0.450000,0.192750,0.542180,0.575653,19,1
1_clip_010,206,0.450000,0.192750,0.542180,0.575653,17,1
1_clip_010,206,0.450000,0.192750,0.542180,0.575653,10,1
1_clip_010,206,0.450000,0.192750,0.542180,0.575653,12,1
1_clip_010,206,0.450000,0.192750,0.542180,0.575653,14,1
1_clip_010,206,0.450000,0.192750,0.542180,0.575653,24,1
1_clip_010,206,0.450000,0.192750,0.542180,0.575653,6,1
1_clip_010,206,0.450000,0.192750,0.542180,0.575653,1,1
1_clip_010,206,0.450000,0.192750,0.542180,0.575653,19,1
1_clip_010,206,0.450000,0.192750,0.542180,0.575653,17,1
1_clip_010,206,0.450000,0.192750,0.542180,0.575653,10,1
1_clip_010,206,0.450000,0.192750,0.542180,0.575653,12,1
1_clip_010,206,0.450000,0.192750,0.542180,0.575653,14,1
1_clip_010,206,0.450000,0.192750,0.542180,0.575653,24,1
1_clip_010,206,0.450000,0.192750,0.542180,0.575653,6,1
1_clip_010,206,0.450000,0.192750,0.542180,0.575653,1,1
1_clip_010,206,0.450000,0.192750,0.542180,0.575653,19,1
1_clip_010,206,0.912555,0.000194,0.971984,0.294847,17,2
1_clip_010,206,0.912555,0.000194,0.971984,0.294847,10,2
1_clip_010,206,0.912555,0.000194,0.971984,0.294847,12,2
1_clip_010,206,0.912555,0.000194,0.971984,0.294847,14,2
1_clip_010,206,0.912555,0.000194,0.971984,0.294847,24,2
1_clip_010,206,0.912555,0.000194,0.971984,0.294847,6,2
1_clip_010,206,0.912555,0.000194,0.971984,0.294847,1,2
1_clip_010,206,0.912555,0.000194,0.971984,0.294847,19,2
1_clip_010,206,0.912555,0.000194,0.971984,0.294847,17,2
1_clip_010,206,0.912555,0.000194,0.971984,0.294847,10,2
1_clip_010,206,0.912555,0.000194,0.971984,0.294847,12,2
1_clip_010,206,0.912555,0.000194,0.971984,0.294847,14,2
1_clip_010,206,0.912555,0.000194,0.971984,0.294847,24,2
1_clip_010,206,0.912555,0.000194,0.971984,0.294847,6,2
1_clip_010,206,0.912555,0.000194,0.971984,0.294847,1,2
1_clip_010,206,0.912555,0.000194,0.971984,0.294847,19,2
1_clip_010,206,0.912555,0.000194,0.971984,0.294847,17,2
1_clip_010,206,0.912555,0.000194,0.971984,0.294847,10,2
1_clip_010,206,0.912555,0.000194,0.971984,0.294847,12,2
1_clip_010,206,0.912555,0.000194,0.971984,0.294847,14,2
1_clip_010,206,0.912555,0.000194,0.971984,0.294847,24,2
1_clip_010,206,0.912555,0.000194,0.971984,0.294847,6,2
1_clip_010,206,0.912555,0.000194,0.971984,0.294847,1,2
1_clip_010,206,0.912555,0.000194,0.971984,0.294847,19,2
1_clip_010,206,0.912555,0.000194,0.971984,0.294847,17,2
1_clip_010,206,0.912555,0.000194,0.971984,0.294847,10,2
1_clip_010,206,0.912555,0.000194,0.971984,0.294847,12,2
1_clip_010,206,0.912555,0.000194,0.971984,0.294847,14,2
1_clip_010,206,0.912555,0.000194,0.971984,0.294847,24,2
1_clip_010,206,0.912555,0.000194,0.971984,0.294847,6,2
1_clip_010,206,0.912555,0.000194,0.971984,0.294847,1,2
1_clip_010,206,0.912555,0.000194,0.971984,0.294847,19,2
1_clip_010,206,0.247828,-0.000264,0.299281,0.186944,17,3
1_clip_010,206,0.247828,-0.000264,0.299281,0.186944,10,3
1_clip_010,206,0.247828,-0.000264,0.299281,0.186944,12,3
1_clip_010,206,0.247828,-0.000264,0.299281,0.186944,14,3
1_clip_010,206,0.247828,-0.000264,0.299281,0.186944,24,3
1_clip_010,206,0.247828,-0.000264,0.299281,0.186944,6,3
1_clip_010,206,0.247828,-0.000264,0.299281,0.186944,1,3
1_clip_010,206,0.247828,-0.000264,0.299281,0.186944,19,3
1_clip_010,206,0.247828,-0.000264,0.299281,0.186944,17,3
1_clip_010,206,0.247828,-0.000264,0.299281,0.186944,10,3
1_clip_010,206,0.247828,-0.000264,0.299281,0.186944,12,3
1_clip_010,206,0.247828,-0.000264,0.299281,0.186944,14,3
1_clip_010,206,0.247828,-0.000264,0.299281,0.186944,24,3
1_clip_010,206,0.247828,-0.000264,0.299281,0.186944,6,3
1_clip_010,206,0.247828,-0.000264,0.299281,0.186944,1,3
1_clip_010,206,0.247828,-0.000264,0.299281,0.186944,19,3
1_clip_010,206,0.247828,-0.000264,0.299281,0.186944,17,3
1_clip_010,206,0.247828,-0.000264,0.299281,0.186944,10,3
1_clip_010,206,0.247828,-0.000264,0.299281,0.186944,12,3
1_clip_010,206,0.247828,-0.000264,0.299281,0.186944,14,3
1_clip_010,206,0.247828,-0.000264,0.299281,0.186944,24,3
1_clip_010,206,0.247828,-0.000264,0.299281,0.186944,6,3
1_clip_010,206,0.247828,-0.000264,0.299281,0.186944,1,3
1_clip_010,206,0.247828,-0.000264,0.299281,0.186944,19,3
1_clip_010,206,0.247828,-0.000264,0.299281,0.186944,17,3
1_clip_010,206,0.247828,-0.000264,0.299281,0.186944,10,3
1_clip_010,206,0.247828,-0.000264,0.299281,0.186944,12,3
1_clip_010,206,0.247828,-0.000264,0.299281,0.186944,14,3
1_clip_010,206,0.247828,-0.000264,0.299281,0.186944,24,3
1_clip_010,206,0.247828,-0.000264,0.299281,0.186944,6,3
1_clip_010,206,0.247828,-0.000264,0.299281,0.186944,1,3
1_clip_010,206,0.247828,-0.000264,0.299281,0.186944,19,3
1_clip_010,206,0.191938,0.386681,0.270672,0.692361,17,4
1_clip_010,206,0.191938,0.386681,0.270672,0.692361,10,4
1_clip_010,206,0.191938,0.386681,0.270672,0.692361,12,4
1_clip_010,206,0.191938,0.386681,0.270672,0.692361,14,4
1_clip_010,206,0.191938,0.386681,0.270672,0.692361,24,4
1_clip_010,206,0.191938,0.386681,0.270672,0.692361,6,4
1_clip_010,206,0.191938,0.386681,0.270672,0.692361,1,4
1_clip_010,206,0.191938,0.386681,0.270672,0.692361,19,4
1_clip_010,206,0.191938,0.386681,0.270672,0.692361,17,4
1_clip_010,206,0.191938,0.386681,0.270672,0.692361,10,4
1_clip_010,206,0.191938,0.386681,0.270672,0.692361,12,4
1_clip_010,206,0.191938,0.386681,0.270672,0.692361,14,4
1_clip_010,206,0.191938,0.386681,0.270672,0.692361,24,4
1_clip_010,206,0.191938,0.386681,0.270672,0.692361,6,4
1_clip_010,206,0.191938,0.386681,0.270672,0.692361,1,4
1_clip_010,206,0.191938,0.386681,0.270672,0.692361,19,4
1_clip_010,206,0.191938,0.386681,0.270672,0.692361,17,4
1_clip_010,206,0.191938,0.386681,0.270672,0.692361,10,4
1_clip_010,206,0.191938,0.386681,0.270672,0.692361,12,4
1_clip_010,206,0.191938,0.386681,0.270672,0.692361,14,4
1_clip_010,206,0.191938,0.386681,0.270672,0.692361,24,4
1_clip_010,206,0.191938,0.386681,0.270672,0.692361,6,4
1_clip_010,206,0.191938,0.386681,0.270672,0.692361,1,4
1_clip_010,206,0.191938,0.386681,0.270672,0.692361,19,4
1_clip_010,206,0.191938,0.386681,0.270672,0.692361,17,4
1_clip_010,206,0.191938,0.386681,0.270672,0.692361,10,4
1_clip_010,206,0.191938,0.386681,0.270672,0.692361,12,4
1_clip_010,206,0.191938,0.386681,0.270672,0.692361,14,4
1_clip_010,206,0.191938,0.386681,0.270672,0.692361,24,4
1_clip_010,206,0.191938,0.386681,0.270672,0.692361,6,4
1_clip_010,206,0.191938,0.386681,0.270672,0.692361,1,4
1_clip_010,206,0.191938,0.386681,0.270672,0.692361,19,4
1_clip_010,206,0.804312,0.000069,0.848500,0.223292,17,5
1_clip_010,206,0.804312,0.000069,0.848500,0.223292,10,5
1_clip_010,206,0.804312,0.000069,0.848500,0.223292,12,5
1_clip_010,206,0.804312,0.000069,0.848500,0.223292,14,5
1_clip_010,206,0.804312,0.000069,0.848500,0.223292,24,5
1_clip_010,206,0.804312,0.000069,0.848500,0.223292,6,5
1_clip_010,206,0.804312,0.000069,0.848500,0.223292,1,5
1_clip_010,206,0.804312,0.000069,0.848500,0.223292,19,5
1_clip_010,206,0.804312,0.000069,0.848500,0.223292,17,5
1_clip_010,206,0.804312,0.000069,0.848500,0.223292,10,5
1_clip_010,206,0.804312,0.000069,0.848500,0.223292,12,5
1_clip_010,206,0.804312,0.000069,0.848500,0.223292,14,5
1_clip_010,206,0.804312,0.000069,0.848500,0.223292,24,5
1_clip_010,206,0.804312,0.000069,0.848500,0.223292,6,5
1_clip_010,206,0.804312,0.000069,0.848500,0.223292,1,5
1_clip_010,206,0.804312,0.000069,0.848500,0.223292,19,5
1_clip_010,206,0.804312,0.000069,0.848500,0.223292,17,5
1_clip_010,206,0.804312,0.000069,0.848500,0.223292,10,5
1_clip_010,206,0.804312,0.000069,0.848500,0.223292,12,5
1_clip_010,206,0.804312,0.000069,0.848500,0.223292,14,5
1_clip_010,206,0.804312,0.000069,0.848500,0.223292,24,5
1_clip_010,206,0.804312,0.000069,0.848500,0.223292,6,5
1_clip_010,206,0.804312,0.000069,0.848500,0.223292,1,5
1_clip_010,206,0.804312,0.000069,0.848500,0.223292,19,5
1_clip_010,206,0.804312,0.000069,0.848500,0.223292,17,5
1_clip_010,206,0.804312,0.000069,0.848500,0.223292,10,5
1_clip_010,206,0.804312,0.000069,0.848500,0.223292,12,5
1_clip_010,206,0.804312,0.000069,0.848500,0.223292,14,5
1_clip_010,206,0.804312,0.000069,0.848500,0.223292,24,5
1_clip_010,206,0.804312,0.000069,0.848500,0.223292,6,5
1_clip_010,206,0.804312,0.000069,0.848500,0.223292,1,5
1_clip_010,206,0.804312,0.000069,0.848500,0.223292,19,5
1_clip_010,206,0.372203,0.299139,0.470078,0.497958,17,6
1_clip_010,206,0.372203,0.299139,0.470078,0.497958,10,6
1_clip_010,206,0.372203,0.299139,0.470078,0.497958,12,6
1_clip_010,206,0.372203,0.299139,0.470078,0.497958,14,6
1_clip_010,206,0.372203,0.299139,0.470078,0.497958,24,6
1_clip_010,206,0.372203,0.299139,0.470078,0.497958,6,6
1_clip_010,206,0.372203,0.299139,0.470078,0.497958,1,6
1_clip_010,206,0.372203,0.299139,0.470078,0.497958,19,6
1_clip_010,206,0.372203,0.299139,0.470078,0.497958,17,6
1_clip_010,206,0.372203,0.299139,0.470078,0.497958,10,6
1_clip_010,206,0.372203,0.299139,0.470078,0.497958,12,6
1_clip_010,206,0.372203,0.299139,0.470078,0.497958,14,6
1_clip_010,206,0.372203,0.299139,0.470078,0.497958,24,6
1_clip_010,206,0.372203,0.299139,0.470078,0.497958,6,6
1_clip_010,206,0.372203,0.299139,0.470078,0.497958,1,6
1_clip_010,206,0.372203,0.299139,0.470078,0.497958,19,6
1_clip_010,206,0.372203,0.299139,0.470078,0.497958,17,6
1_clip_010,206,0.372203,0.299139,0.470078,0.497958,10,6
1_clip_010,206,0.372203,0.299139,0.470078,0.497958,12,6
1_clip_010,206,0.372203,0.299139,0.470078,0.497958,14,6
1_clip_010,206,0.372203,0.299139,0.470078,0.497958,24,6
1_clip_010,206,0.372203,0.299139,0.470078,0.497958,6,6
1_clip_010,206,0.372203,0.299139,0.470078,0.497958,1,6
1_clip_010,206,0.372203,0.299139,0.470078,0.497958,19,6
1_clip_010,206,0.372203,0.299139,0.470078,0.497958,17,6
1_clip_010,206,0.372203,0.299139,0.470078,0.497958,10,6
1_clip_010,206,0.372203,0.299139,0.470078,0.497958,12,6
1_clip_010,206,0.372203,0.299139,0.470078,0.497958,14,6
1_clip_010,206,0.372203,0.299139,0.470078,0.497958,24,6
1_clip_010,206,0.372203,0.299139,0.470078,0.497958,6,6
1_clip_010,206,0.372203,0.299139,0.470078,0.497958,1,6
1_clip_010,206,0.372203,0.299139,0.470078,0.497958,19,6
1_clip_011,158,0.690727,0.257972,0.743938,0.651889,17,1
1_clip_011,158,0.690727,0.257972,0.743938,0.651889,10,1
1_clip_011,158,0.690727,0.257972,0.743938,0.651889,12,1
1_clip_011,158,0.690727,0.257972,0.743938,0.651889,14,1
1_clip_011,158,0.690727,0.257972,0.743938,0.651889,24,1
1_clip_011,158,0.690727,0.257972,0.743938,0.651889,6,1
1_clip_011,158,0.690727,0.257972,0.743938,0.651889,1,1
1_clip_011,158,0.690727,0.257972,0.743938,0.651889,19,1
1_clip_011,158,0.690727,0.257972,0.743938,0.651889,17,1
1_clip_011,158,0.690727,0.257972,0.743938,0.651889,10,1
1_clip_011,158,0.690727,0.257972,0.743938,0.651889,12,1
1_clip_011,158,0.690727,0.257972,0.743938,0.651889,14,1
1_clip_011,158,0.690727,0.257972,0.743938,0.651889,24,1
1_clip_011,158,0.690727,0.257972,0.743938,0.651889,6,1
1_clip_011,158,0.690727,0.257972,0.743938,0.651889,1,1
1_clip_011,158,0.690727,0.257972,0.743938,0.651889,19,1
1_clip_011,158,0.690727,0.257972,0.743938,0.651889,17,1
1_clip_011,158,0.690727,0.257972,0.743938,0.651889,10,1
1_clip_011,158,0.690727,0.257972,0.743938,0.651889,12,1
1_clip_011,158,0.690727,0.257972,0.743938,0.651889,14,1
1_clip_011,158,0.690727,0.257972,0.743938,0.651889,24,1
1_clip_011,158,0.690727,0.257972,0.743938,0.651889,6,1
1_clip_011,158,0.690727,0.257972,0.743938,0.651889,1,1
1_clip_011,158,0.690727,0.257972,0.743938,0.651889,19,1
1_clip_011,158,0.690727,0.257972,0.743938,0.651889,17,1
1_clip_011,158,0.690727,0.257972,0.743938,0.651889,10,1
1_clip_011,158,0.690727,0.257972,0.743938,0.651889,12,1
1_clip_011,158,0.690727,0.257972,0.743938,0.651889,14,1
1_clip_011,158,0.690727,0.257972,0.743938,0.651889,24,1
1_clip_011,158,0.690727,0.257972,0.743938,0.651889,6,1
1_clip_011,158,0.690727,0.257972,0.743938,0.651889,1,1
1_clip_011,158,0.690727,0.257972,0.743938,0.651889,19,1
1_clip_011,158,0.911797,0.000458,0.970805,0.295681,17,2
1_clip_011,158,0.911797,0.000458,0.970805,0.295681,10,2
1_clip_011,158,0.911797,0.000458,0.970805,0.295681,12,2
1_clip_011,158,0.911797,0.000458,0.970805,0.295681,14,2
1_clip_011,158,0.911797,0.000458,0.970805,0.295681,24,2
1_clip_011,158,0.911797,0.000458,0.970805,0.295681,6,2
1_clip_011,158,0.911797,0.000458,0.970805,0.295681,1,2
1_clip_011,158,0.911797,0.000458,0.970805,0.295681,19,2
1_clip_011,158,0.911797,0.000458,0.970805,0.295681,17,2
1_clip_011,158,0.911797,0.000458,0.970805,0.295681,10,2
1_clip_011,158,0.911797,0.000458,0.970805,0.295681,12,2
1_clip_011,158,0.911797,0.000458,0.970805,0.295681,14,2
1_clip_011,158,0.911797,0.000458,0.970805,0.295681,24,2
1_clip_011,158,0.911797,0.000458,0.970805,0.295681,6,2
1_clip_011,158,0.911797,0.000458,0.970805,0.295681,1,2
1_clip_011,158,0.911797,0.000458,0.970805,0.295681,19,2
1_clip_011,158,0.911797,0.000458,0.970805,0.295681,17,2
1_clip_011,158,0.911797,0.000458,0.970805,0.295681,10,2
1_clip_011,158,0.911797,0.000458,0.970805,0.295681,12,2
1_clip_011,158,0.911797,0.000458,0.970805,0.295681,14,2
1_clip_011,158,0.911797,0.000458,0.970805,0.295681,24,2
1_clip_011,158,0.911797,0.000458,0.970805,0.295681,6,2
1_clip_011,158,0.911797,0.000458,0.970805,0.295681,1,2
1_clip_011,158,0.911797,0.000458,0.970805,0.295681,19,2
1_clip_011,158,0.911797,0.000458,0.970805,0.295681,17,2
1_clip_011,158,0.911797,0.000458,0.970805,0.295681,10,2
1_clip_011,158,0.911797,0.000458,0.970805,0.295681,12,2
1_clip_011,158,0.911797,0.000458,0.970805,0.295681,14,2
1_clip_011,158,0.911797,0.000458,0.970805,0.295681,24,2
1_clip_011,158,0.911797,0.000458,0.970805,0.295681,6,2
1_clip_011,158,0.911797,0.000458,0.970805,0.295681,1,2
1_clip_011,158,0.911797,0.000458,0.970805,0.295681,19,2
1_clip_011,158,0.334891,0.472611,0.415227,0.939125,17,3
1_clip_011,158,0.334891,0.472611,0.415227,0.939125,10,3
1_clip_011,158,0.334891,0.472611,0.415227,0.939125,12,3
1_clip_011,158,0.334891,0.472611,0.415227,0.939125,14,3
1_clip_011,158,0.334891,0.472611,0.415227,0.939125,24,3
1_clip_011,158,0.334891,0.472611,0.415227,0.939125,6,3
1_clip_011,158,0.334891,0.472611,0.415227,0.939125,1,3
1_clip_011,158,0.334891,0.472611,0.415227,0.939125,19,3
1_clip_011,158,0.334891,0.472611,0.415227,0.939125,17,3
1_clip_011,158,0.334891,0.472611,0.415227,0.939125,10,3
1_clip_011,158,0.334891,0.472611,0.415227,0.939125,12,3
1_clip_011,158,0.334891,0.472611,0.415227,0.939125,14,3
1_clip_011,158,0.334891,0.472611,0.415227,0.939125,24,3
1_clip_011,158,0.334891,0.472611,0.415227,0.939125,6,3
1_clip_011,158,0.334891,0.472611,0.415227,0.939125,1,3
1_clip_011,158,0.334891,0.472611,0.415227,0.939125,19,3
1_clip_011,158,0.334891,0.472611,0.415227,0.939125,17,3
1_clip_011,158,0.334891,0.472611,0.415227,0.939125,10,3
1_clip_011,158,0.334891,0.472611,0.415227,0.939125,12,3
1_clip_011,158,0.334891,0.472611,0.415227,0.939125,14,3
1_clip_011,158,0.334891,0.472611,0.415227,0.939125,24,3
1_clip_011,158,0.334891,0.472611,0.415227,0.939125,6,3
1_clip_011,158,0.334891,0.472611,0.415227,0.939125,1,3
1_clip_011,158,0.334891,0.472611,0.415227,0.939125,19,3
1_clip_011,158,0.334891,0.472611,0.415227,0.939125,17,3
1_clip_011,158,0.334891,0.472611,0.415227,0.939125,10,3
1_clip_011,158,0.334891,0.472611,0.415227,0.939125,12,3
1_clip_011,158,0.334891,0.472611,0.415227,0.939125,14,3
1_clip_011,158,0.334891,0.472611,0.415227,0.939125,24,3
1_clip_011,158,0.334891,0.472611,0.415227,0.939125,6,3
1_clip_011,158,0.334891,0.472611,0.415227,0.939125,1,3
1_clip_011,158,0.334891,0.472611,0.415227,0.939125,19,3
1_clip_011,158,0.529641,0.231014,0.589078,0.633681,17,4
1_clip_011,158,0.529641,0.231014,0.589078,0.633681,10,4
1_clip_011,158,0.529641,0.231014,0.589078,0.633681,12,4
1_clip_011,158,0.529641,0.231014,0.589078,0.633681,14,4
1_clip_011,158,0.529641,0.231014,0.589078,0.633681,24,4
1_clip_011,158,0.529641,0.231014,0.589078,0.633681,6,4
1_clip_011,158,0.529641,0.231014,0.589078,0.633681,1,4
1_clip_011,158,0.529641,0.231014,0.589078,0.633681,19,4
1_clip_011,158,0.529641,0.231014,0.589078,0.633681,17,4
1_clip_011,158,0.529641,0.231014,0.589078,0.633681,10,4
1_clip_011,158,0.529641,0.231014,0.589078,0.633681,12,4
1_clip_011,158,0.529641,0.231014,0.589078,0.633681,14,4
1_clip_011,158,0.529641,0.231014,0.589078,0.633681,24,4
1_clip_011,158,0.529641,0.231014,0.589078,0.633681,6,4
1_clip_011,158,0.529641,0.231014,0.589078,0.633681,1,4
1_clip_011,158,0.529641,0.231014,0.589078,0.633681,19,4
1_clip_011,158,0.529641,0.231014,0.589078,0.633681,17,4
1_clip_011,158,0.529641,0.231014,0.589078,0.633681,10,4
1_clip_011,158,0.529641,0.231014,0.589078,0.633681,12,4
1_clip_011,158,0.529641,0.231014,0.589078,0.633681,14,4
1_clip_011,158,0.529641,0.231014,0.589078,0.633681,24,4
1_clip_011,158,0.529641,0.231014,0.589078,0.633681,6,4
1_clip_011,158,0.529641,0.231014,0.589078,0.633681,1,4
1_clip_011,158,0.529641,0.231014,0.589078,0.633681,19,4
1_clip_011,158,0.529641,0.231014,0.589078,0.633681,17,4
1_clip_011,158,0.529641,0.231014,0.589078,0.633681,10,4
1_clip_011,158,0.529641,0.231014,0.589078,0.633681,12,4
1_clip_011,158,0.529641,0.231014,0.589078,0.633681,14,4
1_clip_011,158,0.529641,0.231014,0.589078,0.633681,24,4
1_clip_011,158,0.529641,0.231014,0.589078,0.633681,6,4
1_clip_011,158,0.529641,0.231014,0.589078,0.633681,1,4
1_clip_011,158,0.529641,0.231014,0.589078,0.633681,19,4
1_clip_011,158,0.253906,0.000139,0.315766,0.188222,17,5
1_clip_011,158,0.253906,0.000139,0.315766,0.188222,10,5
1_clip_011,158,0.253906,0.000139,0.315766,0.188222,12,5
1_clip_011,158,0.253906,0.000139,0.315766,0.188222,14,5
1_clip_011,158,0.253906,0.000139,0.315766,0.188222,24,5
1_clip_011,158,0.253906,0.000139,0.315766,0.188222,6,5
1_clip_011,158,0.253906,0.000139,0.315766,0.188222,1,5
1_clip_011,158,0.253906,0.000139,0.315766,0.188222,19,5
1_clip_011,158,0.253906,0.000139,0.315766,0.188222,17,5
1_clip_011,158,0.253906,0.000139,0.315766,0.188222,10,5
1_clip_011,158,0.253906,0.000139,0.315766,0.188222,12,5
1_clip_011,158,0.253906,0.000139,0.315766,0.188222,14,5
1_clip_011,158,0.253906,0.000139,0.315766,0.188222,24,5
1_clip_011,158,0.253906,0.000139,0.315766,0.188222,6,5
1_clip_011,158,0.253906,0.000139,0.315766,0.188222,1,5
1_clip_011,158,0.253906,0.000139,0.315766,0.188222,19,5
1_clip_011,158,0.253906,0.000139,0.315766,0.188222,17,5
1_clip_011,158,0.253906,0.000139,0.315766,0.188222,10,5
1_clip_011,158,0.253906,0.000139,0.315766,0.188222,12,5
1_clip_011,158,0.253906,0.000139,0.315766,0.188222,14,5
1_clip_011,158,0.253906,0.000139,0.315766,0.188222,24,5
1_clip_011,158,0.253906,0.000139,0.315766,0.188222,6,5
1_clip_011,158,0.253906,0.000139,0.315766,0.188222,1,5
1_clip_011,158,0.253906,0.000139,0.315766,0.188222,19,5
1_clip_011,158,0.253906,0.000139,0.315766,0.188222,17,5
1_clip_011,158,0.253906,0.000139,0.315766,0.188222,10,5
1_clip_011,158,0.253906,0.000139,0.315766,0.188222,12,5
1_clip_011,158,0.253906,0.000139,0.315766,0.188222,14,5
1_clip_011,158,0.253906,0.000139,0.315766,0.188222,24,5
1_clip_011,158,0.253906,0.000139,0.315766,0.188222,6,5
1_clip_011,158,0.253906,0.000139,0.315766,0.188222,1,5
1_clip_011,158,0.253906,0.000139,0.315766,0.188222,19,5
1_clip_011,158,0.805359,0.000083,0.848516,0.224444,17,6
1_clip_011,158,0.805359,0.000083,0.848516,0.224444,10,6
1_clip_011,158,0.805359,0.000083,0.848516,0.224444,12,6
1_clip_011,158,0.805359,0.000083,0.848516,0.224444,14,6
1_clip_011,158,0.805359,0.000083,0.848516,0.224444,24,6
1_clip_011,158,0.805359,0.000083,0.848516,0.224444,6,6
1_clip_011,158,0.805359,0.000083,0.848516,0.224444,1,6
1_clip_011,158,0.805359,0.000083,0.848516,0.224444,19,6
1_clip_011,158,0.805359,0.000083,0.848516,0.224444,17,6
1_clip_011,158,0.805359,0.000083,0.848516,0.224444,10,6
1_clip_011,158,0.805359,0.000083,0.848516,0.224444,12,6
1_clip_011,158,0.805359,0.000083,0.848516,0.224444,14,6
1_clip_011,158,0.805359,0.000083,0.848516,0.224444,24,6
1_clip_011,158,0.805359,0.000083,0.848516,0.224444,6,6
1_clip_011,158,0.805359,0.000083,0.848516,0.224444,1,6
1_clip_011,158,0.805359,0.000083,0.848516,0.224444,19,6
1_clip_011,158,0.805359,0.000083,0.848516,0.224444,17,6
1_clip_011,158,0.805359,0.000083,0.848516,0.224444,10,6
1_clip_011,158,0.805359,0.000083,0.848516,0.224444,12,6
1_clip_011,158,0.805359,0.000083,0.848516,0.224444,14,6
1_clip_011,158,0.805359,0.000083,0.848516,0.224444,24,6
1_clip_011,158,0.805359,0.000083,0.848516,0.224444,6,6
1_clip_011,158,0.805359,0.000083,0.848516,0.224444,1,6
1_clip_011,158,0.805359,0.000083,0.848516,0.224444,19,6
1_clip_011,158,0.805359,0.000083,0.848516,0.224444,17,6
1_clip_011,158,0.805359,0.000083,0.848516,0.224444,10,6
1_clip_011,158,0.805359,0.000083,0.848516,0.224444,12,6
1_clip_011,158,0.805359,0.000083,0.848516,0.224444,14,6
1_clip_011,158,0.805359,0.000083,0.848516,0.224444,24,6
1_clip_011,158,0.805359,0.000083,0.848516,0.224444,6,6
1_clip_011,158,0.805359,0.000083,0.848516,0.224444,1,6
1_clip_011,158,0.805359,0.000083,0.848516,0.224444,19,6
